"SKU";"GTIN";"NAME";"UVP";"UNIT PRICE";"UNIT PRICE";"AVAILABLE";"ORDER";"TOTAL";
"1032212-XS";"4067434020857";"T-SHIRT 'AIN'T HERE FOR LOVE' - CREAM/ORANGE XS";"74,90";"62,94";"62,94";"0,00";;;
"1032212-S";"4067434020864";"T-SHIRT 'AIN'T HERE FOR LOVE' - CREAM/ORANGE S";"74,90";"62,94";"62,94";"0,00";;;
"1032212-M";"4067434020871";"T-SHIRT 'AIN'T HERE FOR LOVE' - CREAM/ORANGE M";"74,90";"62,94";"62,94";"0,00";;;
"1032212-L";"4067434020888";"T-SHIRT 'AIN'T HERE FOR LOVE' - CREAM/ORANGE L";"74,90";"62,94";"62,94";"1,00";;;
"1032212-XL";"4067434020895";"T-SHIRT 'AIN'T HERE FOR LOVE' - CREAM/ORANGE XL";"74,90";"62,94";"62,94";"0,00";;;
"1032212-XXL";"4067434020901";"T-SHIRT 'AIN'T HERE FOR LOVE' - CREAM/ORANGE XXL";"74,90";"62,94";"62,94";"2,00";;;
"1072263-XS";;"SPLIT SHORTS - BLACK/BLACK XS";"84,90";"71,34";"71,34";"4,00";;;
"1072263-S";;"SPLIT SHORTS - BLACK/BLACK S";"84,90";"71,34";"71,34";"0,00";;;
"1072263-M";;"SPLIT SHORTS - BLACK/BLACK M";"84,90";"71,34";"71,34";"0,00";;;
"1072263-L";;"SPLIT SHORTS - BLACK/BLACK L";"84,90";"71,34";"71,34";"0,00";;;
"1072263-XL";;"SPLIT SHORTS - BLACK/BLACK XL";"84,90";"71,34";"71,34";"0,00";;;
"1072263-XXL";;"SPLIT SHORTS - BLACK/BLACK XXL";"84,90";"71,34";"71,34";"0,00";;;
"10102221-XS";;"PAISLEY KNIT - ROYAL BLUE XS";"129,90";"109,16";"109,16";"2,00";;;
"10102221-S";;"PAISLEY KNIT - ROYAL BLUE S";"129,90";"109,16";"109,16";"1,00";;;
"10102221-M";;"PAISLEY KNIT - ROYAL BLUE M";"129,90";"109,16";"109,16";"0,00";;;
"10102221-L";;"PAISLEY KNIT - ROYAL BLUE L";"129,90";"109,16";"109,16";"6,00";;;
"10102221-XL";;"PAISLEY KNIT - ROYAL BLUE XL";"129,90";"109,16";"109,16";"3,00";;;
"10102221-XXL";;"PAISLEY KNIT - ROYAL BLUE XXL";"129,90";"109,16";"109,16";"1,00";;;
"10102222-XS";;"RETERNITY KNIT SWEATER - TAUPE XS";"129,90";"109,16";"109,16";"0,00";;;
"10102222-S";;"RETERNITY KNIT SWEATER - TAUPE S";"129,90";"109,16";"109,16";"0,00";;;
"10102222-M";;"RETERNITY KNIT SWEATER - TAUPE M";"129,90";"109,16";"109,16";"0,00";;;
"10102222-L";;"RETERNITY KNIT SWEATER - TAUPE L";"129,90";"109,16";"109,16";"0,00";;;
"10102222-XL";;"RETERNITY KNIT SWEATER - TAUPE XL";"129,90";"109,16";"109,16";"0,00";;;
"10102222-XXL";;"RETERNITY KNIT SWEATER - TAUPE XXL";"129,90";"109,16";"109,16";"4,00";;;
"10102225-XS";"4067434021519";"ZIP HOODIE 'PAISLEY' - ROYAL BLUE XS";"139,90";"117,56";"117,56";"0,00";;;
"10102225-S";"4067434021526";"ZIP HOODIE 'PAISLEY' - ROYAL BLUE S";"139,90";"117,56";"117,56";"2,00";;;
"10102225-M";"4067434021533";"ZIP HOODIE 'PAISLEY' - ROYAL BLUE M";"139,90";"117,56";"117,56";"0,00";;;
"10102225-L";"4067434021540";"ZIP HOODIE 'PAISLEY' - ROYAL BLUE L";"139,90";"117,56";"117,56";"0,00";;;
"10102225-XL";"4067434021557";"ZIP HOODIE 'PAISLEY' - ROYAL BLUE XL";"139,90";"117,56";"117,56";"0,00";;;
"10102225-XXL";"4067434021564";"ZIP HOODIE 'PAISLEY' - ROYAL BLUE XXL";"139,90";"117,56";"117,56";"4,00";;;
"10102252-XS";;"RETERNITY PUFFER JACKET - CREME XS";"249,90";"210,00";"210,00";"0,00";;;
"10102252-S";;"RETERNITY PUFFER JACKET - CREME S";"249,90";"210,00";"210,00";"0,00";;;
"10102252-M";;"RETERNITY PUFFER JACKET - CREME M";"249,90";"210,00";"210,00";"0,00";;;
"10102252-L";;"RETERNITY PUFFER JACKET - CREME L";"249,90";"210,00";"210,00";"0,00";;;
"10102252-XL";;"RETERNITY PUFFER JACKET - CREME XL";"249,90";"210,00";"210,00";"0,00";;;
"10102252-XXL";;"RETERNITY PUFFER JACKET - CREME XXL";"249,90";"210,00";"210,00";"5,00";;;
"10112251-XS";;"BOMBER JACKET ‘RETERNITY’ - BLACK XS";"199,90";"167,98";"167,98";"5,00";;;
"10112251-S";;"BOMBER JACKET ‘RETERNITY’ - BLACK S";"199,90";"167,98";"167,98";"0,00";;;
"10112251-M";;"BOMBER JACKET ‘RETERNITY’ - BLACK M";"199,90";"167,98";"167,98";"0,00";;;
"10112251-L";;"BOMBER JACKET ‘RETERNITY’ - BLACK L";"199,90";"167,98";"167,98";"0,00";;;
"10112251-XL";;"BOMBER JACKET ‘RETERNITY’ - BLACK XL";"199,90";"167,98";"167,98";"0,00";;;
"10112251-XXL";;"BOMBER JACKET ‘RETERNITY’ - BLACK XXL";"199,90";"167,98";"167,98";"0,00";;;
"10112252-XS";;"BOMBER JACKET ‘RETERNITY’ - WASHED BLACK XS";"199,90";"167,98";"167,98";"2,00";;;
"10112252-S";;"BOMBER JACKET ‘RETERNITY’ - WASHED BLACK S";"199,90";"167,98";"167,98";"0,00";;;
"10112252-L";;"BOMBER JACKET ‘RETERNITY’ - WASHED BLACK L";"199,90";"167,98";"167,98";"0,00";;;
"10112252-XL";;"BOMBER JACKET ‘RETERNITY’ - WASHED BLACK XL";"199,90";"167,98";"167,98";"0,00";;;
"10112252-XXL";;"BOMBER JACKET ‘RETERNITY’ - WASHED BLACK XXL";"199,90";"167,98";"167,98";"0,00";;;
"2012321-XS";;"WOMEN HOODIE - BLUE XS";"129,90";"109,16";"109,16";"1,00";;;
"2012321-S";;"WOMEN HOODIE - BLUE S";"129,90";"109,16";"109,16";"0,00";;;
"2012321-M";;"WOMEN HOODIE - BLUE M";"129,90";"109,16";"109,16";"0,00";;;
"2012321-L";;"WOMEN HOODIE - BLUE L";"129,90";"109,16";"109,16";"0,00";;;
"2012321-XL";;"WOMEN HOODIE - BLUE XL";"129,90";"109,16";"109,16";"0,00";;;
"2012321-XXL";;"WOMEN HOODIE - BLUE XXL";"129,90";"109,16";"109,16";"0,00";;;
"1022321-XS";;"CREATIVE DEPT HOODIE - LIGHT BLUE - XS";"99,90";"83,95";"83,95";"0,00";;;
"1022321-S";;"CREATIVE DEPT HOODIE - LIGHT BLUE - S";"99,90";"83,95";"83,95";"0,00";;;
"1022321-M";;"CREATIVE DEPT HOODIE - LIGHT BLUE - M";"99,90";"83,95";"83,95";"0,00";;;
"1022321-L";;"CREATIVE DEPT HOODIE - LIGHT BLUE - L";"99,90";"83,95";"83,95";"0,00";;;
"1022321-XL";;"CREATIVE DEPT HOODIE - LIGHT BLUE - XL";"99,90";"83,95";"83,95";"0,00";;;
"1022321-XXL";;"CREATIVE DEPT HOODIE - LIGHT BLUE - XXL";"99,90";"83,95";"83,95";"3,00";;;
"1032321-XS";;"INSIDE OUT HALF ZIP HOODIE - BLACK XS";"119,00";"100,00";"100,00";"0,00";;;
"1032321-S";;"INSIDE OUT HALF ZIP HOODIE - BLACK S";"119,00";"100,00";"100,00";"5,00";;;
"1032321-M";;"INSIDE OUT HALF ZIP HOODIE - BLACK M";"119,00";"100,00";"100,00";"0,00";;;
"1032321-L";;"INSIDE OUT HALF ZIP HOODIE - BLACK L";"119,00";"100,00";"100,00";"0,00";;;
"1032321-XL";;"INSIDE OUT HALF ZIP HOODIE - BLACK XL";"119,00";"100,00";"100,00";"0,00";;;
"1032321-XXL";;"INSIDE OUT HALF ZIP HOODIE - BLACK XXL";"119,00";"100,00";"100,00";"0,00";;;
"1032331-XS";;"KNIT SWEATER THE TROPHY SERIES - BLUE XS";"129,90";"109,16";"109,16";"0,00";;;
"1032331-S";;"KNIT SWEATER THE TROPHY SERIES - BLUE S";"129,90";"109,16";"109,16";"0,00";;;
"1032331-M";;"KNIT SWEATER THE TROPHY SERIES - BLUE M";"129,90";"109,16";"109,16";"0,00";;;
"1032331-L";;"KNIT SWEATER THE TROPHY SERIES - BLUE L";"129,90";"109,16";"109,16";"0,00";;;
"1032331-XL";;"KNIT SWEATER THE TROPHY SERIES - BLUE XL";"129,90";"109,16";"109,16";"1,00";;;
"1032331-XXL";;"KNIT SWEATER THE TROPHY SERIES - BLUE XXL";"129,90";"109,16";"109,16";"7,00";;;
"1032351-XS";;"CROPPED VEST - CREAM XS";"159,90";"134,37";"134,37";"0,00";;;
"1032351-S";;"CROPPED VEST - CREAM S";"159,90";"134,37";"134,37";"2,00";;;
"1032351-M";;"CROPPED VEST - CREAM M";"159,90";"134,37";"134,37";"0,00";;;
"1032351-L";;"CROPPED VEST - CREAM L";"159,90";"134,37";"134,37";"0,00";;;
"1032351-XL";;"CROPPED VEST - CREAM XL";"159,90";"134,37";"134,37";"0,00";;;
"1032351-XXL";;"CROPPED VEST - CREAM XXL";"159,90";"134,37";"134,37";"0,00";;;
"1032363-30";"4067434021816";"DENIM WITH APPLICATION - WASHED GREY 30";"119,90";"100,76";"100,76";"0,00";;;
"1032363-31";"4067434021823";"DENIM WITH APPLICATION - WASHED GREY 31";"119,90";"100,76";"100,76";"0,00";;;
"1032363-32";"4067434021830";"DENIM WITH APPLICATION - WASHED GREY 32";"119,90";"100,76";"100,76";"2,00";;;
"1032363-33";"4067434021847";"DENIM WITH APPLICATION - WASHED GREY 33";"119,90";"100,76";"100,76";"38,00";;;
"1032363-34";"4067434021854";"DENIM WITH APPLICATION - WASHED GREY 34";"119,90";"100,76";"100,76";"0,00";;;
"1032363-36";"4067434021861";"DENIM WITH APPLICATION - WASHED GREY 36";"119,90";"100,76";"100,76";"0,00";;;
"1006232060-XS";"4067434025746";"CREATIVE DEPT HOODIE - BLUE - XS";"99,90";"44,00";"39,96";"2,00";;;
"1006232060-S";"4067434025753";"CREATIVE DEPT HOODIE - BLUE - S";"99,90";"44,00";"39,96";"9,00";;;
"1006232060-M";"4067434025760";"CREATIVE DEPT HOODIE - BLUE - M";"99,90";"44,00";"39,96";"11,00";;;
"1006232060-L";"4067434025777";"CREATIVE DEPT HOODIE - BLUE - L";"99,90";"44,00";"39,96";"33,00";;;
"1006232060-XL";"4067434025784";"CREATIVE DEPT HOODIE - BLUE - XL";"99,90";"44,00";"39,96";"29,00";;;
"1006232060-XXL";"4067434025791";"CREATIVE DEPT HOODIE - BLUE - XXL";"99,90";"44,00";"39,96";"10,00";;;
"1006232070-XS";"4067434030672";"CREATIVE DEPT ZIP-HOODIE - GREEN - XS";"109,90";"48,00";"43,96";"2,00";;;
"1006232070-S";"4067434030689";"CREATIVE DEPT ZIP-HOODIE - GREEN - S";"109,90";"48,00";"43,96";"4,00";;;
"1006232070-M";"4067434030696";"CREATIVE DEPT ZIP-HOODIE - GREEN - M";"109,90";"48,00";"43,96";"27,00";;;
"1006232070-L";"4067434030702";"CREATIVE DEPT ZIP-HOODIE - GREEN - L";"109,90";"48,00";"43,96";"31,00";;;
"1006232070-XL";"4067434030719";"CREATIVE DEPT ZIP-HOODIE - GREEN - XL";"109,90";"48,00";"43,96";"23,00";;;
"1006232070-XXL";"4067434030726";"CREATIVE DEPT ZIP-HOODIE - GREEN - XXL";"109,90";"48,00";"43,96";"6,00";;;
"1006232040-XS";"4067434030610";"CREATIVE DEPT ZIP-HOODIE - BLUE - XS";"109,90";"48,00";"43,96";"1,00";;;
"1006232040-S";"4067434030627";"CREATIVE DEPT ZIP-HOODIE - BLUE - S";"109,90";"48,00";"43,96";"15,00";;;
"1006232040-M";"4067434030634";"CREATIVE DEPT ZIP-HOODIE - BLUE - M";"109,90";"48,00";"43,96";"19,00";;;
"1006232040-L";"4067434030641";"CREATIVE DEPT ZIP-HOODIE - BLUE - L";"109,90";"48,00";"43,96";"4,00";;;
"1006232040-XL";"4067434030658";"CREATIVE DEPT ZIP-HOODIE - BLUE - XL";"109,90";"48,00";"43,96";"19,00";;;
"1006232040-XXL";"4067434030665";"CREATIVE DEPT ZIP-HOODIE - BLUE - XXL";"109,90";"48,00";"43,96";"10,00";;;
"1062324-XS";"4067434005571";"ESSENTIAL ZIP HOODIE - GREEN XS";"109,90";"92,35";"92,35";"0,00";;;
"1062324-S";"4067434005588";"ESSENTIAL ZIP HOODIE - GREEN S";"109,90";"92,35";"92,35";"7,00";;;
"1062324-M";"4067434005595";"ESSENTIAL ZIP HOODIE - GREEN M";"109,90";"92,35";"92,35";"0,00";;;
"1062324-L";"4067434005601";"ESSENTIAL ZIP HOODIE - GREEN L";"109,90";"92,35";"92,35";"0,00";;;
"1062324-XL";"4067434005618";"ESSENTIAL ZIP HOODIE - GREEN XL";"109,90";"92,35";"92,35";"10,00";;;
"1062324-XXL";"4067434005625";"ESSENTIAL ZIP HOODIE - GREEN XXL";"109,90";"92,35";"92,35";"0,00";;;
"1062324.1-XS";;"ESSENTIAL ZIP HOODIE - BLUE XS";"109,90";"92,35";"92,35";"0,00";;;
"1062324.1-S";;"ESSENTIAL ZIP HOODIE - BLUE S";"109,90";"92,35";"92,35";"0,00";;;
"1062324.1-M";;"ESSENTIAL ZIP HOODIE - BLUE M";"109,90";"92,35";"92,35";"15,00";;;
"1062324.1-L";;"ESSENTIAL ZIP HOODIE - BLUE L";"109,90";"92,35";"92,35";"18,00";;;
"1062324.1-XL";;"ESSENTIAL ZIP HOODIE - BLUE XL";"109,90";"92,35";"92,35";"0,00";;;
"1062324.1-XXL";;"ESSENTIAL ZIP HOODIE - BLUE XXL";"109,90";"92,35";"92,35";"0,00";;;
"1082361-XS";;"MESH SHORTS RETERNITY - CREME XS";"84,90";"71,34";"71,34";"0,00";;;
"1082361-S";;"MESH SHORTS RETERNITY - CREME S";"84,90";"71,34";"71,34";"0,00";;;
"1082361-M";;"MESH SHORTS RETERNITY - CREME M";"84,90";"71,34";"71,34";"0,00";;;
"1082361-L";;"MESH SHORTS RETERNITY - CREME L";"84,90";"71,34";"71,34";"0,00";;;
"1082361-XL";;"MESH SHORTS RETERNITY - CREME XL";"84,90";"71,34";"71,34";"0,00";;;
"1082361-XXL";;"MESH SHORTS RETERNITY - CREME XXL";"84,90";"71,34";"71,34";"4,00";;;
"1082382-XS";;"SWIM SHORTS SYMBOL - BLACK XS";"84,90";"71,34";"71,34";"0,00";;;
"1082382-S";;"SWIM SHORTS SYMBOL - BLACK S";"84,90";"71,34";"71,34";"0,00";;;
"1082382-M";;"SWIM SHORTS SYMBOL - BLACK M";"84,90";"71,34";"71,34";"0,00";;;
"1082382-L";;"SWIM SHORTS SYMBOL - BLACK L";"84,90";"71,34";"71,34";"0,00";;;
"1082382-XL";;"SWIM SHORTS SYMBOL - BLACK XL";"84,90";"71,34";"71,34";"0,00";;;
"1082382-XXL";;"SWIM SHORTS SYMBOL - BLACK XXL";"84,90";"71,34";"71,34";"1,00";;;
"10122391.1";;"RETERNITY MONOGRAM SHOULDER BAG - CREME";"139,90";"117,56";"117,56";"24,00";;;
"10132322.1-XS";"4067434021694";"ESSENTIAL HOODIE - BROWN XS";"109,90";"92,35";"92,35";"0,00";;;
"10132322.1-S";"4067434021700";"ESSENTIAL HOODIE - BROWN S";"109,90";"92,35";"92,35";"1,00";;;
"10132322.1-M";"4067434021717";"ESSENTIAL HOODIE - BROWN M";"109,90";"92,35";"92,35";"0,00";;;
"10132322.1-L";"4067434021724";"ESSENTIAL HOODIE - BROWN L";"109,90";"92,35";"92,35";"0,00";;;
"10132322.1-XL";"4067434021731";"ESSENTIAL HOODIE - BROWN XL";"109,90";"92,35";"92,35";"0,00";;;
"10132322.1-XXL";"4067434021748";"ESSENTIAL HOODIE - BROWN XXL";"109,90";"92,35";"92,35";"0,00";;;
"10132324.2-XS";;"CREATIVE DEPT HOODIE - NAVY - XS";"99,90";"83,95";"83,95";"0,00";;;
"10132324.2-S";;"CREATIVE DEPT HOODIE - NAVY - S";"99,90";"83,95";"83,95";"0,00";;;
"10132324.2-M";;"CREATIVE DEPT HOODIE - NAVY - M";"99,90";"83,95";"83,95";"0,00";;;
"10132324.2-L";;"CREATIVE DEPT HOODIE - NAVY - L";"99,90";"83,95";"83,95";"0,00";;;
"10132324.2-XL";;"CREATIVE DEPT HOODIE - NAVY - XL";"99,90";"83,95";"83,95";"0,00";;;
"10132324.2-XXL";;"CREATIVE DEPT HOODIE - NAVY - XXL";"99,90";"83,95";"83,95";"1,00";;;
"1013232050-XS";"4067434030498";"CREATIVE DEPT ZIP-HOODIE - CREAM - XS";"109,90";"48,00";"43,96";"2,00";;;
"1013232050-S";"4067434030504";"CREATIVE DEPT ZIP-HOODIE - CREAM - S";"109,90";"48,00";"43,96";"8,00";;;
"1013232050-M";"4067434030511";"CREATIVE DEPT ZIP-HOODIE - CREAM - M";"109,90";"48,00";"43,96";"5,00";;;
"1013232050-L";"4067434030528";"CREATIVE DEPT ZIP-HOODIE - CREAM - L";"109,90";"48,00";"43,96";"3,00";;;
"1013232050-XL";"4067434030535";"CREATIVE DEPT ZIP-HOODIE - CREAM - XL";"109,90";"48,00";"43,96";"20,00";;;
"1013232050-XXL";"4067434030542";"CREATIVE DEPT ZIP-HOODIE - CREAM - XXL";"109,90";"48,00";"43,96";"11,00";;;
"10132325.2-XS";;"CREATIVE DEPT ZIP HOODIE - NAVY - XS";"109,90";"92,35";"92,35";"0,00";;;
"10132325.2-S";;"CREATIVE DEPT ZIP HOODIE - NAVY - S";"109,90";"92,35";"92,35";"0,00";;;
"10132325.2-M";;"CREATIVE DEPT ZIP HOODIE - NAVY - M";"109,90";"92,35";"92,35";"0,00";;;
"10132325.2-L";;"CREATIVE DEPT ZIP HOODIE - NAVY - L";"109,90";"92,35";"92,35";"0,00";;;
"10132325.2-XL";;"CREATIVE DEPT ZIP HOODIE - NAVY - XL";"109,90";"92,35";"92,35";"10,00";;;
"10132325.2-XXL";;"CREATIVE DEPT ZIP HOODIE - NAVY - XXL";"109,90";"92,35";"92,35";"0,00";;;
"10132361.2-XS";;"ESSENTIAL SWEATPANTS - NAVY XS";"99,90";"83,95";"83,95";"0,00";;;
"10132361.2-S";;"ESSENTIAL SWEATPANTS - NAVY S";"99,90";"83,95";"83,95";"1,00";;;
"10132361.2-M";;"ESSENTIAL SWEATPANTS - NAVY M";"99,90";"83,95";"83,95";"0,00";;;
"10132361.2-L";;"ESSENTIAL SWEATPANTS - NAVY L";"99,90";"83,95";"83,95";"0,00";;;
"10132361.2-XL";;"ESSENTIAL SWEATPANTS - NAVY XL";"99,90";"83,95";"83,95";"0,00";;;
"10132361.2-XXL";;"ESSENTIAL SWEATPANTS - NAVY XXL";"99,90";"83,95";"83,95";"1,00";;;
"10142351.1-XS";;"FLEECE JACKET - CREAM/OLIV XS";"179,90";"151,18";"151,18";"0,00";;;
"10142351.1-S";;"FLEECE JACKET - CREAM/OLIV S";"179,90";"151,18";"151,18";"0,00";;;
"10142351.1-M";;"FLEECE JACKET - CREAM/OLIV M";"179,90";"151,18";"151,18";"0,00";;;
"10142351.1-L";;"FLEECE JACKET - CREAM/OLIV L";"179,90";"151,18";"151,18";"0,00";;;
"10142351.1-XL";;"FLEECE JACKET - CREAM/OLIV XL";"179,90";"151,18";"151,18";"0,00";;;
"10142351.1-XXL";;"FLEECE JACKET - CREAM/OLIV XXL";"179,90";"151,18";"151,18";"3,00";;;
"10142361-XS";"4067434022059";"PARACHUTE PANTS - BLACK XS";"119,90";"100,76";"100,76";"5,00";;;
"10142361-S";"4067434022066";"PARACHUTE PANTS - BLACK S";"119,90";"100,76";"100,76";"0,00";;;
"10142361-M";"4067434022073";"PARACHUTE PANTS - BLACK M";"119,90";"100,76";"100,76";"0,00";;;
"10142361-L";"4067434022080";"PARACHUTE PANTS - BLACK L";"119,90";"100,76";"100,76";"0,00";;;
"10142361-XL";"4067434022097";"PARACHUTE PANTS - BLACK XL";"119,90";"100,76";"100,76";"0,00";;;
"10142361-XXL";"4067434022103";"PARACHUTE PANTS - BLACK XXL";"119,90";"100,76";"100,76";"0,00";;;
"10142362-XS";"4067434021939";"CARGO PANTS - OLIV XS";"119,90";"100,76";"100,76";"0,00";;;
"10142362-S";"4067434021946";"CARGO PANTS - OLIV S";"119,90";"100,76";"100,76";"0,00";;;
"10142362-M";"4067434021953";"CARGO PANTS - OLIV M";"119,90";"100,76";"100,76";"0,00";;;
"10142362-L";"4067434021960";"CARGO PANTS - OLIV L";"119,90";"100,76";"100,76";"1,00";;;
"10142362-XL";"4067434021977";"CARGO PANTS - OLIV XL";"119,90";"100,76";"100,76";"0,00";;;
"10142362-XXL";"4067434021984";"CARGO PANTS - OLIV XXL";"119,90";"100,76";"100,76";"0,00";;;
"10152331-XS";;"WASHED KNIT HALF ZIP - GREY XS";"139,90";"117,56";"117,56";"0,00";;;
"10152331-S";;"WASHED KNIT HALF ZIP - GREY S";"139,90";"117,56";"117,56";"0,00";;;
"10152331-M";;"WASHED KNIT HALF ZIP - GREY M";"139,90";"117,56";"117,56";"0,00";;;
"10152331-L";;"WASHED KNIT HALF ZIP - GREY L";"139,90";"117,56";"117,56";"0,00";;;
"10152331-XL";;"WASHED KNIT HALF ZIP - GREY XL";"139,90";"117,56";"117,56";"1,00";;;
"10152331-XXL";;"WASHED KNIT HALF ZIP - GREY XXL";"139,90";"117,56";"117,56";"10,00";;;
"10152351-XS";;"FLANNEL - GREY/WHITE XS";"179,90";"151,18";"151,18";"3,00";;;
"10152351-S";;"FLANNEL - GREY/WHITE S";"179,90";"151,18";"151,18";"3,00";;;
"10152351-M";;"FLANNEL - GREY/WHITE M";"179,90";"151,18";"151,18";"0,00";;;
"10152351-L";;"FLANNEL - GREY/WHITE L";"179,90";"151,18";"151,18";"0,00";;;
"10152351-XL";;"FLANNEL - GREY/WHITE XL";"179,90";"151,18";"151,18";"0,00";;;
"10152351-XXL";;"FLANNEL - GREY/WHITE XXL";"179,90";"151,18";"151,18";"0,00";;;
"1092322-XS";;"ZIP HOODIE OFFICIAL UNIFORM - GREEN/IVORY XS";"129,90";"109,16";"109,16";"0,00";;;
"1092322-S";;"ZIP HOODIE OFFICIAL UNIFORM - GREEN/IVORY S";"129,90";"109,16";"109,16";"0,00";;;
"1092322-M";;"ZIP HOODIE OFFICIAL UNIFORM - GREEN/IVORY M";"129,90";"109,16";"109,16";"0,00";;;
"1092322-L";;"ZIP HOODIE OFFICIAL UNIFORM - GREEN/IVORY L";"129,90";"109,16";"109,16";"0,00";;;
"1092322-XL";;"ZIP HOODIE OFFICIAL UNIFORM - GREEN/IVORY XL";"129,90";"109,16";"109,16";"7,00";;;
"1092322-XXL";;"ZIP HOODIE OFFICIAL UNIFORM - GREEN/IVORY XXL";"129,90";"109,16";"109,16";"7,00";;;
"1032363.1-30";;"DENIM WITH APPLICATION - WASHED BLACK 30";"119,90";"100,76";"100,76";"0,00";;;
"1032363.1-31";;"DENIM WITH APPLICATION - WASHED BLACK 31";"119,90";"100,76";"100,76";"0,00";;;
"1032363.1-32";;"DENIM WITH APPLICATION - WASHED BLACK 32";"119,90";"100,76";"100,76";"2,00";;;
"1032363.1-33";;"DENIM WITH APPLICATION - WASHED BLACK 33";"119,90";"100,76";"100,76";"21,00";;;
"1032363.1-34";;"DENIM WITH APPLICATION - WASHED BLACK 34";"119,90";"100,76";"100,76";"1,00";;;
"1032363.1-36";;"DENIM WITH APPLICATION - WASHED BLACK 36";"119,90";"100,76";"100,76";"0,00";;;
"10162322-XS";;"FLEECE POLO SWEATER - DARKGREY XS";"139,90";"117,56";"117,56";"0,00";;;
"10162322-S";;"FLEECE POLO SWEATER - DARKGREY S";"139,90";"117,56";"117,56";"0,00";;;
"10162322-M";;"FLEECE POLO SWEATER - DARKGREY M";"139,90";"117,56";"117,56";"0,00";;;
"10162322-L";;"FLEECE POLO SWEATER - DARKGREY L";"139,90";"117,56";"117,56";"0,00";;;
"10162322-XL";;"FLEECE POLO SWEATER - DARKGREY XL";"139,90";"117,56";"117,56";"0,00";;;
"10162322-XXL";;"FLEECE POLO SWEATER - DARKGREY XXL";"139,90";"117,56";"117,56";"0,00";;;
"10172361-XS";"4067434021991";"JOGGER PANTS - FADED CREAM XS";"119,90";"100,76";"100,76";"0,00";;;
"10172361-S";"4067434022004";"JOGGER PANTS - FADED CREAM S";"119,90";"100,76";"100,76";"0,00";;;
"10172361-M";"4067434022011";"JOGGER PANTS - FADED CREAM M";"119,90";"100,76";"100,76";"6,00";;;
"10172361-L";"4067434022028";"JOGGER PANTS - FADED CREAM L";"119,90";"100,76";"100,76";"5,00";;;
"10172361-XL";"4067434022035";"JOGGER PANTS - FADED CREAM XL";"119,90";"100,76";"100,76";"0,00";;;
"10172361-XXL";"4067434022042";"JOGGER PANTS - FADED CREAM XXL";"119,90";"100,76";"100,76";"1,00";;;
"100124203-XS";"4067434004031";"ERA ZIP-HOODIE - FADED LIME XS";"119,90";"100,76";"100,76";"0,00";;;
"100124203-S";"4067434004048";"ERA ZIP-HOODIE - FADED LIME S";"119,90";"100,76";"100,76";"0,00";;;
"100124203-M";"4067434004055";"ERA ZIP-HOODIE - FADED LIME M";"119,90";"100,76";"100,76";"0,00";;;
"100124203-L";"4067434004062";"ERA ZIP-HOODIE - FADED LIME L";"119,90";"100,76";"100,76";"1,00";;;
"100124203-XL";"4067434004079";"ERA ZIP-HOODIE - FADED LIME XL";"119,90";"100,76";"100,76";"0,00";;;
"100124203-XXL";"4067434004086";"ERA ZIP-HOODIE - FADED LIME XXL";"119,90";"100,76";"100,76";"0,00";;;
"100124501-XS";"4067434004154";"LAYERED TECH JACKET - GREY XS";"199,90";"167,98";"167,98";"0,00";;;
"100124501-S";"4067434004161";"LAYERED TECH JACKET - GREY S";"199,90";"167,98";"167,98";"0,00";;;
"100124501-M";"4067434004178";"LAYERED TECH JACKET - GREY M";"199,90";"167,98";"167,98";"1,00";;;
"100124501-L";"4067434004185";"LAYERED TECH JACKET - GREY L";"199,90";"167,98";"167,98";"0,00";;;
"100124501-XL";"4067434004192";"LAYERED TECH JACKET - GREY XL";"199,90";"167,98";"167,98";"0,00";;;
"100124501-XXL";"4067434004208";"LAYERED TECH JACKET - GREY XXL";"199,90";"167,98";"167,98";"0,00";;;
"100124502-XS";"4067434004215";"TRACK JACKET - BLACK XS";"129,90";"109,16";"109,16";"0,00";;;
"100124502-S";"4067434004222";"TRACK JACKET - BLACK S";"129,90";"109,16";"109,16";"9,00";;;
"100124502-M";"4067434004239";"TRACK JACKET - BLACK M";"129,90";"109,16";"109,16";"1,00";;;
"100124502-L";"4067434004246";"TRACK JACKET - BLACK L";"129,90";"109,16";"109,16";"0,00";;;
"100124502-XL";"4067434004253";"TRACK JACKET - BLACK XL";"129,90";"109,16";"109,16";"0,00";;;
"100124502-XXL";"4067434004260";"TRACK JACKET - BLACK XXL";"129,90";"109,16";"109,16";"0,00";;;
"100224601-XS";"4067434003676";"CREATIVE DEPT SWEATPANTS - FADED BLUE - XS";"99,90";"83,95";"83,95";"0,00";;;
"100224601-S";"4067434003683";"CREATIVE DEPT SWEATPANTS - FADED BLUE - S";"99,90";"83,95";"83,95";"0,00";;;
"100224601-M";"4067434003690";"CREATIVE DEPT SWEATPANTS - FADED BLUE - M";"99,90";"83,95";"83,95";"0,00";;;
"100224601-L";"4067434003706";"CREATIVE DEPT SWEATPANTS - FADED BLUE - L";"99,90";"83,95";"83,95";"0,00";;;
"100224601-XL";"4067434003713";"CREATIVE DEPT SWEATPANTS - FADED BLUE - XL";"99,90";"83,95";"83,95";"9,00";;;
"100224601-XXL";"4067434003720";"CREATIVE DEPT SWEATPANTS - FADED BLUE - XXL";"99,90";"83,95";"83,95";"3,00";;;
"100324604-30";"4067434006820";"CARPENTER PANTS - WASHED BLACK 30";"119,90";"100,76";"100,76";"0,00";;;
"100324604-31";"4067434006837";"CARPENTER PANTS - WASHED BLACK 31";"119,90";"100,76";"100,76";"1,00";;;
"100324604-32";"4067434006844";"CARPENTER PANTS - WASHED BLACK 32";"119,90";"100,76";"100,76";"0,00";;;
"100324604-33";"4067434006851";"CARPENTER PANTS - WASHED BLACK 33";"119,90";"100,76";"100,76";"0,00";;;
"100324604-34";"4067434006868";"CARPENTER PANTS - WASHED BLACK 34";"119,90";"100,76";"100,76";"0,00";;;
"100324604-36";"4067434006875";"CARPENTER PANTS - WASHED BLACK 36";"119,90";"100,76";"100,76";"0,00";;;
"100324601-30";"4067434006585";"AURÉLIE DENIM - WASHED BLUE 30";"119,90";"100,76";"100,76";"0,00";;;
"100324601-31";"4067434006592";"AURÉLIE DENIM - WASHED BLUE 31";"119,90";"100,76";"100,76";"0,00";;;
"100324601-32";"4067434006608";"AURÉLIE DENIM - WASHED BLUE 32";"119,90";"100,76";"100,76";"0,00";;;
"100324601-33";"4067434006615";"AURÉLIE DENIM - WASHED BLUE 33";"119,90";"100,76";"100,76";"0,00";;;
"100324601-34";"4067434006622";"AURÉLIE DENIM - WASHED BLUE 34";"119,90";"100,76";"100,76";"0,00";;;
"100324601-36";"4067434006639";"AURÉLIE DENIM - WASHED BLUE 36";"119,90";"100,76";"100,76";"0,00";;;
"100324501-XS";"4067434006400";"AURÉLIE DENIM JACKET - WASHED BLUE XS";"199,90";"167,98";"167,98";"0,00";;;
"100324501-S";"4067434006417";"AURÉLIE DENIM JACKET - WASHED BLUE S";"199,90";"167,98";"167,98";"9,00";;;
"100324501-M";"4067434006424";"AURÉLIE DENIM JACKET - WASHED BLUE M";"199,90";"167,98";"167,98";"8,00";;;
"100324501-L";"4067434006431";"AURÉLIE DENIM JACKET - WASHED BLUE L";"199,90";"167,98";"167,98";"11,00";;;
"100324501-XL";"4067434006448";"AURÉLIE DENIM JACKET - WASHED BLUE XL";"199,90";"167,98";"167,98";"12,00";;;
"100324501-XXL";"4067434006455";"AURÉLIE DENIM JACKET - WASHED BLUE XXL";"199,90";"167,98";"167,98";"0,00";;;
"100324202-XS";"4067434006165";"CONTRAST STITCH ZIP HOODIE - BORDEAUX XS";"139,90";"117,56";"117,56";"1,00";;;
"100324202-S";"4067434006172";"CONTRAST STITCH ZIP HOODIE - BORDEAUX S";"139,90";"117,56";"117,56";"0,00";;;
"100324202-M";"4067434006189";"CONTRAST STITCH ZIP HOODIE - BORDEAUX M";"139,90";"117,56";"117,56";"0,00";;;
"100324202-L";"4067434006196";"CONTRAST STITCH ZIP HOODIE - BORDEAUX L";"139,90";"117,56";"117,56";"0,00";;;
"100324202-XL";"4067434006202";"CONTRAST STITCH ZIP HOODIE - BORDEAUX XL";"139,90";"117,56";"117,56";"0,00";;;
"100324202-XXL";"4067434006219";"CONTRAST STITCH ZIP HOODIE - BORDEAUX XXL";"139,90";"117,56";"117,56";"0,00";;;
"100424601.2-XS";"4067434009869";"CREATIVE DEPT COTTON SHORTS - FADED GREEN XS";"74,90";"62,94";"62,94";"4,00";;;
"100424601.2-S";"4067434009876";"CREATIVE DEPT COTTON SHORTS - FADED GREEN S";"74,90";"62,94";"62,94";"5,00";;;
"100424601.2-M";"4067434009883";"CREATIVE DEPT COTTON SHORTS - FADED GREEN M";"74,90";"62,94";"62,94";"9,00";;;
"100424601.2-L";"4067434009890";"CREATIVE DEPT COTTON SHORTS - FADED GREEN L";"74,90";"62,94";"62,94";"18,00";;;
"100424601.2-XL";"4067434009906";"CREATIVE DEPT COTTON SHORTS - FADED GREEN XL";"74,90";"62,94";"62,94";"7,00";;;
"100424601.2-XXL";"4067434009913";"CREATIVE DEPT COTTON SHORTS - FADED GREEN XXL";"74,90";"62,94";"62,94";"1,00";;;
"10112252-M";;"BOMBER JACKET ‘RETERNITY’ - WASHED BLACK M";"199,90";"167,98";"167,98";"0,00";;;
"100524104-XS";"4067434011695";"WAFFLE TANK TOP - WHITE XS";"44,90";"37,73";"37,73";"0,00";;;
"100524104-S";"4067434011701";"WAFFLE TANK TOP - WHITE S";"44,90";"37,73";"37,73";"0,00";;;
"100524104-M";"4067434011718";"WAFFLE TANK TOP - WHITE M";"44,90";"37,73";"37,73";"0,00";;;
"100524104-L";"4067434011725";"WAFFLE TANK TOP - WHITE  L";"44,90";"37,73";"37,73";"0,00";;;
"100524104-XL";"4067434011732";"WAFFLE TANK TOP - WHITE XL";"44,90";"37,73";"37,73";"2,00";;;
"100524104-XXL";"4067434011749";"WAFFLE TANK TOP - WHITE XXL";"44,90";"37,73";"37,73";"6,00";;;
"100624201-XS";"4067434014528";"OIL WASHED WAFFLE LONGSLEEVE - VINTAGE GREY XS";"79,90";"67,14";"67,14";"2,00";;;
"100624201-S";"4067434014535";"OIL WASHED WAFFLE LONGSLEEVE - VINTAGE GREY S";"79,90";"67,14";"67,14";"0,00";;;
"100624201-M";"4067434014542";"OIL WASHED WAFFLE LONGSLEEVE - VINTAGE GREY M";"79,90";"67,14";"67,14";"0,00";;;
"100624201-L";"4067434014559";"OIL WASHED WAFFLE LONGSLEEVE - VINTAGE GREY L";"79,90";"67,14";"67,14";"0,00";;;
"100624201-XL";"4067434014566";"OIL WASHED WAFFLE LONGSLEEVE - VINTAGE GREY XL";"79,90";"67,14";"67,14";"0,00";;;
"100624201-XXL";"4067434014573";"OIL WASHED WAFFLE LONGSLEEVE - VINTAGE GREY XXL";"79,90";"67,14";"67,14";"0,00";;;
"100824101-XS";"4067434010131";"LE 75005 T-SHIRT - WHITE - XS";"74,90";"62,94";"62,94";"0,00";;;
"100824101-S";"4067434010148";"LE 75005 T-SHIRT - WHITE - S";"74,90";"62,94";"62,94";"0,00";;;
"100824101-M";"4067434010155";"LE 75005 T-SHIRT - WHITE - M";"74,90";"62,94";"62,94";"0,00";;;
"100824101-L";"4067434010162";"LE 75005 T-SHIRT - WHITE - L";"74,90";"62,94";"62,94";"0,00";;;
"100824101-XL";"4067434010179";"LE 75005 T-SHIRT - WHITE - XL";"74,90";"62,94";"62,94";"11,00";;;
"100824101-XXL";"4067434010186";"LE 75005 T-SHIRT - WHITE - XXL";"74,90";"62,94";"62,94";"7,00";;;
"100824102-XS";"4067434010193";"ÉVÉNIE T-SHIRT - FADED DARKBLUE - XS";"74,90";"62,94";"62,94";"5,00";;;
"100824102-S";"4067434010209";"ÉVÉNIE T-SHIRT - FADED DARKBLUE - S";"74,90";"62,94";"62,94";"9,00";;;
"100824102-M";"4067434010216";"ÉVÉNIE T-SHIRT - FADED DARKBLUE - M";"74,90";"62,94";"62,94";"24,00";;;
"100824102-L";"4067434010223";"ÉVÉNIE T-SHIRT - FADED DARKBLUE - L";"74,90";"62,94";"62,94";"11,00";;;
"100824102-XL";"4067434010230";"ÉVÉNIE T-SHIRT - FADED DARKBLUE - XL";"74,90";"62,94";"62,94";"19,00";;;
"100824102-XXL";"4067434010247";"ÉVÉNIE T-SHIRT - FADED DARKBLUE - XXL";"74,90";"62,94";"62,94";"14,00";;;
"100824201-XS";"4067434010315";"RIBBED ZIP-HOODIE - TAUPE - XS";"129,90";"109,16";"109,16";"0,00";;;
"100824201-S";"4067434010322";"RIBBED ZIP-HOODIE - TAUPE - S";"129,90";"109,16";"109,16";"1,00";;;
"100824201-M";"4067434010339";"RIBBED ZIP-HOODIE - TAUPE - M";"129,90";"109,16";"109,16";"0,00";;;
"100824201-L";"4067434010346";"RIBBED ZIP-HOODIE - TAUPE - L";"129,90";"109,16";"109,16";"0,00";;;
"100824201-XL";"4067434010353";"RIBBED ZIP-HOODIE - TAUPE - XL";"129,90";"109,16";"109,16";"0,00";;;
"100824201-XXL";"4067434010360";"RIBBED ZIP-HOODIE - TAUPE - XXL";"129,90";"109,16";"109,16";"9,00";;;
"100824202-XS";"4067434010438";"ÉVÉNIE HOODIE - FADED DARKLBUE - XS";"119,90";"100,76";"100,76";"5,00";;;
"100824202-S";"4067434010445";"ÉVÉNIE HOODIE - FADED DARKLBUE - S";"119,90";"100,76";"100,76";"11,00";;;
"100824202-M";"4067434010452";"ÉVÉNIE HOODIE - FADED DARKLBUE - M";"119,90";"100,76";"100,76";"15,00";;;
"100824202-L";"4067434010469";"ÉVÉNIE HOODIE - FADED DARKLBUE - L";"119,90";"100,76";"100,76";"24,00";;;
"100824202-XL";"4067434010476";"ÉVÉNIE HOODIE - FADED DARKLBUE - XL";"119,90";"100,76";"100,76";"7,00";;;
"100824202-XXL";"4067434010483";"ÉVÉNIE HOODIE - FADED DARKLBUE - XXL";"119,90";"100,76";"100,76";"3,00";;;
"100824203-XS";"4067434010490";"DISTORTED HOODIE - BLACK - XS";"129,90";"109,16";"109,16";"0,00";;;
"100824203-S";"4067434010506";"DISTORTED HOODIE - BLACK - S";"129,90";"109,16";"109,16";"18,00";;;
"100824203-M";"4067434010513";"DISTORTED HOODIE - BLACK - M";"129,90";"109,16";"109,16";"28,00";;;
"100824203-L";"4067434010520";"DISTORTED HOODIE - BLACK - L";"129,90";"109,16";"109,16";"24,00";;;
"100824203-XL";"4067434010537";"DISTORTED HOODIE - BLACK - XL";"129,90";"109,16";"109,16";"15,00";;;
"100824203-XXL";"4067434010544";"DISTORTED HOODIE - BLACK - XXL";"129,90";"109,16";"109,16";"7,00";;;
"100824204-XS";"4067434010551";"DOUBLE SLEEVE HOODIE - WASHED GREY - XS";"139,90";"117,56";"117,56";"3,00";;;
"100824204-S";"4067434010568";"DOUBLE SLEEVE HOODIE - WASHED GREY - S";"139,90";"117,56";"117,56";"10,00";;;
"100824204-M";"4067434010575";"DOUBLE SLEEVE HOODIE - WASHED GREY - M";"139,90";"117,56";"117,56";"12,00";;;
"100824204-L";"4067434010582";"DOUBLE SLEEVE HOODIE - WASHED GREY - L";"139,90";"117,56";"117,56";"21,00";;;
"100824204-XL";"4067434010599";"DOUBLE SLEEVE HOODIE - WASHED GREY - XL";"139,90";"117,56";"117,56";"10,00";;;
"100824204-XXL";"4067434010605";"DOUBLE SLEEVE HOODIE - WASHED GREY - XXL";"139,90";"117,56";"117,56";"0,00";;;
"100824401-XS";"4067434010858";"DOUBLE SLEEVE BUTTON SHIRT - WHITE/GREY - XS";"139,90";"117,56";"117,56";"0,00";;;
"100824401-S";"4067434010865";"DOUBLE SLEEVE BUTTON SHIRT - WHITE/GREY - S";"139,90";"117,56";"117,56";"0,00";;;
"100824401-M";"4067434010872";"DOUBLE SLEEVE BUTTON SHIRT - WHITE/GREY - M";"139,90";"117,56";"117,56";"4,00";;;
"100824401-L";"4067434010889";"DOUBLE SLEEVE BUTTON SHIRT - WHITE/GREY - L";"139,90";"117,56";"117,56";"9,00";;;
"100824401-XL";"4067434010896";"DOUBLE SLEEVE BUTTON SHIRT - WHITE/GREY - XL";"139,90";"117,56";"117,56";"0,00";;;
"100824401-XXL";"4067434010902";"DOUBLE SLEEVE BUTTON SHIRT - WHITE/GREY - XXL";"139,90";"117,56";"117,56";"0,00";;;
"1008245030-XS";"4067434032843";"SIGNE PUFFER JACKET - BLACK - XS";"249,90";"210,00";"210,00";"0,00";;;
"1008245030-S";"4067434032850";"SIGNE PUFFER JACKET - BLACK - S";"249,90";"210,00";"210,00";"1,00";;;
"1008245030-M";"4067434032867";"SIGNE PUFFER JACKET - BLACK - M";"249,90";"210,00";"210,00";"3,00";;;
"1008245030-L";"4067434032874";"SIGNE PUFFER JACKET - BLACK - L";"249,90";"210,00";"210,00";"9,00";;;
"1008245030-XL";"4067434032881";"SIGNE PUFFER JACKET - BLACK - XL";"249,90";"210,00";"210,00";"6,00";;;
"1008245030-XXL";"4067434032898";"SIGNE PUFFER JACKET - BLACK - XXL";"249,90";"210,00";"210,00";"1,00";;;
"100824602-30";"4067434011275";"DESTROYED TROU DENIM - WASHED GREY - 30";"119,90";"100,76";"100,76";"3,00";;;
"100824602-31";"4067434011282";"DESTROYED TROU DENIM - WASHED GREY - 31";"119,90";"100,76";"100,76";"11,00";;;
"100824602-32";"4067434011299";"DESTROYED TROU DENIM - WASHED GREY - 32";"119,90";"100,76";"100,76";"34,00";;;
"100824602-33";"4067434011305";"DESTROYED TROU DENIM - WASHED GREY - 33";"119,90";"100,76";"100,76";"52,00";;;
"100824602-34";"4067434011312";"DESTROYED TROU DENIM - WASHED GREY - 34";"119,90";"100,76";"100,76";"19,00";;;
"100824602-36";"4067434011329";"DESTROYED TROU DENIM - WASHED GREY - 36";"119,90";"100,76";"100,76";"3,00";;;
"100824503.1-XS";"4067434011152";"SIGNE PUFFER JACKET - FADED GREY - XS";"249,90";"210,00";"210,00";"7,00";;;
"100824503.1-S";"4067434011169";"SIGNE PUFFER JACKET - FADED GREY - S";"249,90";"210,00";"210,00";"3,00";;;
"100824503.1-M";"4067434011176";"SIGNE PUFFER JACKET - FADED GREY - M";"249,90";"210,00";"210,00";"2,00";;;
"100824503.1-L";"4067434011183";"SIGNE PUFFER JACKET - FADED GREY - L";"249,90";"210,00";"210,00";"8,00";;;
"100824503.1-XL";"4067434011190";"SIGNE PUFFER JACKET - FADED GREY - XL";"249,90";"210,00";"210,00";"15,00";;;
"100824503.1-XXL";"4067434011206";"SIGNE PUFFER JACKET - FADED GREY - XXL";"249,90";"210,00";"210,00";"4,00";;;
"100724301.1-XS";"4067434012661";"ESSENTIAL FURRY KNIT SWEATER - BEIGE - XS";"129,90";"109,16";"109,16";"0,00";;;
"100724301.1-S";"4067434012678";"ESSENTIAL FURRY KNIT SWEATER - BEIGE - S";"129,90";"109,16";"109,16";"6,00";;;
"100724301.1-M";"4067434012685";"ESSENTIAL FURRY KNIT SWEATER - BEIGE - M";"129,90";"109,16";"109,16";"7,00";;;
"100724301.1-L";"4067434012692";"ESSENTIAL FURRY KNIT SWEATER - BEIGE - L";"129,90";"109,16";"109,16";"9,00";;;
"100724301.1-XL";"4067434012708";"ESSENTIAL FURRY KNIT SWEATER - BEIGE - XL";"129,90";"109,16";"109,16";"10,00";;;
"100724301.1-XXL";"4067434012715";"ESSENTIAL FURRY KNIT SWEATER - BEIGE - XXL";"129,90";"109,16";"109,16";"9,00";;;
"1007243020-XS";"4067434012722";"ESSENTIAL FURRY KNIT SWEATER - DARKGREEN - XS";"129,90";"56,00";"51,96";"0,00";;;
"1007243020-S";"4067434012739";"ESSENTIAL FURRY KNIT SWEATER - DARKGREEN - S";"129,90";"56,00";"51,96";"6,00";;;
"1007243020-M";"4067434012746";"ESSENTIAL FURRY KNIT SWEATER - DARKGREEN - M";"129,90";"56,00";"51,96";"40,00";;;
"1007243020-L";"4067434012753";"ESSENTIAL FURRY KNIT SWEATER - DARKGREEN - L";"129,90";"56,00";"51,96";"70,00";;;
"1007243020-XL";"4067434012760";"ESSENTIAL FURRY KNIT SWEATER - DARKGREEN - XL";"129,90";"56,00";"51,96";"32,00";;;
"1007243020-XXL";"4067434012777";"ESSENTIAL FURRY KNIT SWEATER - DARKGREEN - XXL";"129,90";"56,00";"51,96";"13,00";;;
"100724301.3-XS";"4067434012784";"ESSENTIAL FURRY KNIT SWEATER - LIGHT BLUE - XS";"129,90";"109,16";"109,16";"0,00";;;
"100724301.3-S";"4067434012791";"ESSENTIAL FURRY KNIT SWEATER - LIGHT BLUE - S";"129,90";"109,16";"109,16";"0,00";;;
"100724301.3-M";"4067434012807";"ESSENTIAL FURRY KNIT SWEATER - LIGHT BLUE - M";"129,90";"109,16";"109,16";"0,00";;;
"100724301.3-L";"4067434012814";"ESSENTIAL FURRY KNIT SWEATER - LIGHT BLUE - L";"129,90";"109,16";"109,16";"12,00";;;
"100724301.3-XL";"4067434012821";"ESSENTIAL FURRY KNIT SWEATER - LIGHT BLUE - XL";"129,90";"109,16";"109,16";"21,00";;;
"100724301.3-XXL";"4067434012838";"ESSENTIAL FURRY KNIT SWEATER - LIGHT BLUE - XXL";"129,90";"109,16";"109,16";"5,00";;;
"3001253010-S/M";"4067434017109";"REVERSIBLE SIGNE BELT - BLACK/BLUE - S/M";"69,90";"32,00";"27,96";"159,00";;;
"3001253010-L/XL";"4067434024503";"REVERSIBLE SIGNE BELT - BLACK/BLUE - L/XL";"69,90";"32,00";"27,96";"77,00";;;
"3001231010";"4067434017161";"RETERNITY SHOULDER BAG - BLACK";"119,90";"52,00";"47,96";"114,00";;;
"1004251010-XS";"4067434014726";"ARTIST BY NIGHT T-SHIRT - WHITE - XS";"64,90";"30,00";"25,96";"0,00";;;
"1004251010-S";"4067434014733";"ARTIST BY NIGHT T-SHIRT - WHITE - S";"64,90";"30,00";"25,96";"0,00";;;
"1004251010-M";"4067434014740";"ARTIST BY NIGHT T-SHIRT - WHITE - M";"64,90";"30,00";"25,96";"0,00";;;
"1004251010-L";"4067434014757";"ARTIST BY NIGHT T-SHIRT - WHITE - L";"64,90";"30,00";"25,96";"0,00";;;
"1004251010-XL";"4067434014764";"ARTIST BY NIGHT T-SHIRT - WHITE - XL";"64,90";"30,00";"25,96";"15,00";;;
"1004251010-XXL";"4067434014771";"ARTIST BY NIGHT T-SHIRT - WHITE - XXL";"64,90";"30,00";"25,96";"2,00";;;
"1004251020-XS";"4067434014788";"UNIVERSITY T-SHIRT - HEAVY BLEACHED RED - XS";"64,90";"30,00";"25,96";"0,00";;;
"1004251020-S";"4067434014795";"UNIVERSITY T-SHIRT - HEAVY BLEACHED RED - S";"64,90";"30,00";"25,96";"0,00";;;
"1004251020-M";"4067434014801";"UNIVERSITY T-SHIRT - HEAVY BLEACHED RED - M";"64,90";"30,00";"25,96";"7,00";;;
"1004251020-L";"4067434014818";"UNIVERSITY T-SHIRT - HEAVY BLEACHED RED - L";"64,90";"30,00";"25,96";"16,00";;;
"1004251020-XL";"4067434014825";"UNIVERSITY T-SHIRT - HEAVY BLEACHED RED - XL";"64,90";"30,00";"25,96";"20,00";;;
"1004251020-XXL";"4067434014832";"UNIVERSITY T-SHIRT - HEAVY BLEACHED RED - XXL";"64,90";"30,00";"25,96";"8,00";;;
"1004251030-XS";"4067434014849";"UNIVERSITY T-SHIRT - HEAVY BLEACHED BLUE - XS";"64,90";"30,00";"25,96";"0,00";;;
"1004251030-S";"4067434014856";"UNIVERSITY T-SHIRT - HEAVY BLEACHED BLUE - S";"64,90";"30,00";"25,96";"5,00";;;
"1004251030-M";"4067434014863";"UNIVERSITY T-SHIRT - HEAVY BLEACHED BLUE - M";"64,90";"30,00";"25,96";"14,00";;;
"1004251030-L";"4067434014870";"UNIVERSITY T-SHIRT - HEAVY BLEACHED BLUE - L";"64,90";"30,00";"25,96";"13,00";;;
"1004251030-XL";"4067434014887";"UNIVERSITY T-SHIRT - HEAVY BLEACHED BLUE - XL";"64,90";"30,00";"25,96";"6,00";;;
"1004251030-XXL";"4067434014894";"UNIVERSITY T-SHIRT - HEAVY BLEACHED BLUE - XXL";"64,90";"30,00";"25,96";"5,00";;;
"1004253020-XS";"4067434015204";"ATELIER KNIT JERSEY - CREAM - XS";"84,90";"38,00";"33,96";"7,00";;;
"1004253020-S";"4067434015211";"ATELIER KNIT JERSEY - CREAM - S";"84,90";"38,00";"33,96";"8,00";;;
"1004253020-M";"4067434015228";"ATELIER KNIT JERSEY - CREAM - M";"84,90";"38,00";"33,96";"33,00";;;
"1004253020-L";"4067434015235";"ATELIER KNIT JERSEY - CREAM - L";"84,90";"38,00";"33,96";"36,00";;;
"1004253020-XL";"4067434015242";"ATELIER KNIT JERSEY - CREAM - XL";"84,90";"38,00";"33,96";"33,00";;;
"1004253020-XXL";"4067434015259";"ATELIER KNIT JERSEY - CREAM - XXL";"84,90";"38,00";"33,96";"12,00";;;
"1004253030-XS";"4067434015266";"KNIT BUTTON JACKET - CREAM/RED - XS";"129,90";"56,00";"51,96";"0,00";;;
"1004253030-S";"4067434015273";"KNIT BUTTON JACKET - CREAM/RED - S";"129,90";"56,00";"51,96";"3,00";;;
"1004253030-M";"4067434015280";"KNIT BUTTON JACKET - CREAM/RED - M";"129,90";"56,00";"51,96";"0,00";;;
"1004253030-L";"4067434015297";"KNIT BUTTON JACKET - CREAM/RED - L";"129,90";"56,00";"51,96";"0,00";;;
"1004253030-XL";"4067434015303";"KNIT BUTTON JACKET - CREAM/RED - XL";"129,90";"56,00";"51,96";"6,00";;;
"1004253030-XXL";"4067434015310";"KNIT BUTTON JACKET - CREAM/RED - XXL";"129,90";"56,00";"51,96";"0,00";;;
"1004254010-XS";"4067434015327";"LUMÉVO CANVAS ZIP-SHIRT - BLUE - XS";"99,90";"44,00";"39,96";"0,00";;;
"1004254010-S";"4067434015334";"LUMÉVO CANVAS ZIP-SHIRT - BLUE - S";"99,90";"44,00";"39,96";"0,00";;;
"1004254010-M";"4067434015341";"LUMÉVO CANVAS ZIP-SHIRT - BLUE - M";"99,90";"44,00";"39,96";"1,00";;;
"1004254010-L";"4067434015358";"LUMÉVO CANVAS ZIP-SHIRT - BLUE - L";"99,90";"44,00";"39,96";"10,00";;;
"1004254010-XL";"4067434015365";"LUMÉVO CANVAS ZIP-SHIRT - BLUE - XL";"99,90";"44,00";"39,96";"3,00";;;
"1004254010-XXL";"4067434015372";"LUMÉVO CANVAS ZIP-SHIRT - BLUE - XXL";"99,90";"44,00";"39,96";"4,00";;;
"1004254030-XS";"4067434015440";"ÉCLUX BUTTON SHIRT - WHITE - XS";"99,90";"44,00";"39,96";"0,00";;;
"1004254030-S";"4067434015457";"ÉCLUX BUTTON SHIRT - WHITE - S";"99,90";"44,00";"39,96";"0,00";;;
"1004254030-M";"4067434015464";"ÉCLUX BUTTON SHIRT - WHITE - M";"99,90";"44,00";"39,96";"0,00";;;
"1004254030-L";"4067434015471";"ÉCLUX BUTTON SHIRT - WHITE - L";"99,90";"44,00";"39,96";"3,00";;;
"1004254030-XL";"4067434015488";"ÉCLUX BUTTON SHIRT - WHITE - XL";"99,90";"44,00";"39,96";"10,00";;;
"1004254030-XXL";"4067434015495";"ÉCLUX BUTTON SHIRT - WHITE - XXL";"99,90";"44,00";"39,96";"0,00";;;
"1004256010-30";"4067434015501";"PAINTED ARTISAN SHORTS - WASHED GREY - 30";"84,90";"38,00";"33,96";"10,00";;;
"1004256010-31";"4067434015518";"PAINTED ARTISAN SHORTS - WASHED GREY - 31";"84,90";"38,00";"33,96";"20,00";;;
"1004256010-32";"4067434015525";"PAINTED ARTISAN SHORTS - WASHED GREY - 32";"84,90";"38,00";"33,96";"37,00";;;
"1004256010-33";"4067434015532";"PAINTED ARTISAN SHORTS - WASHED GREY - 33";"84,90";"38,00";"33,96";"55,00";;;
"1004256010-34";"4067434015549";"PAINTED ARTISAN SHORTS - WASHED GREY - 34";"84,90";"38,00";"33,96";"22,00";;;
"1004256010-36";"4067434015556";"PAINTED ARTISAN SHORTS - WASHED GREY - 36";"84,90";"38,00";"33,96";"7,00";;;
"1004256020-30";"4067434015563";"LAYERED SHORTS - WASHED BLUE - 30";"84,90";"38,00";"33,96";"0,00";;;
"1004256020-31";"4067434015570";"LAYERED SHORTS - WASHED BLUE - 31";"84,90";"38,00";"33,96";"4,00";;;
"1004256020-32";"4067434015587";"LAYERED SHORTS - WASHED BLUE - 32";"84,90";"38,00";"33,96";"12,00";;;
"1004256020-33";"4067434015594";"LAYERED SHORTS - WASHED BLUE - 33";"84,90";"38,00";"33,96";"26,00";;;
"1004256020-34";"4067434015600";"LAYERED SHORTS - WASHED BLUE - 34";"84,90";"38,00";"33,96";"4,00";;;
"1004256020-36";"4067434015617";"LAYERED SHORTS - WASHED BLUE - 36";"84,90";"38,00";"33,96";"1,00";;;
"1004256040-XS";"4067434015686";"BAGGY TRACK SHORTS - BLACK - XS";"74,90";"34,00";"29,96";"6,00";;;
"1004256040-S";"4067434015693";"BAGGY TRACK SHORTS - BLACK - S";"74,90";"34,00";"29,96";"16,00";;;
"1004256040-M";"4067434015709";"BAGGY TRACK SHORTS - BLACK - M";"74,90";"34,00";"29,96";"25,00";;;
"1004256040-L";"4067434015716";"BAGGY TRACK SHORTS - BLACK - L";"74,90";"34,00";"29,96";"39,00";;;
"1004256040-XL";"4067434015723";"BAGGY TRACK SHORTS - BLACK - XL";"74,90";"34,00";"29,96";"2,00";;;
"1004256040-XXL";"4067434015730";"BAGGY TRACK SHORTS - BLACK - XXL";"74,90";"34,00";"29,96";"4,00";;;
"1004256050-XS";"4067434015747";"UNFINISHED COTTON SHORTS - WASHED BLACK - XS";"74,90";"34,00";"29,96";"2,00";;;
"1004256050-S";"4067434015754";"UNFINISHED COTTON SHORTS - WASHED BLACK - S";"74,90";"34,00";"29,96";"10,00";;;
"1004256050-M";"4067434015761";"UNFINISHED COTTON SHORTS - WASHED BLACK - M";"74,90";"34,00";"29,96";"16,00";;;
"1004256050-L";"4067434015778";"UNFINISHED COTTON SHORTS - WASHED BLACK - L";"74,90";"34,00";"29,96";"20,00";;;
"1004256050-XL";"4067434015785";"UNFINISHED COTTON SHORTS - WASHED BLACK - XL";"74,90";"34,00";"29,96";"17,00";;;
"1004256050-XXL";"4067434015792";"UNFINISHED COTTON SHORTS - WASHED BLACK - XXL";"74,90";"34,00";"29,96";"5,00";;;
"1004256060-XS";"4067434015808";"DETACHABLE CARGO PANTS - BLACK - XS";"119,90";"52,00";"47,96";"5,00";;;
"1004256060-S";"4067434015815";"DETACHABLE CARGO PANTS - BLACK - S";"119,90";"52,00";"47,96";"15,00";;;
"1004256060-M";"4067434015822";"DETACHABLE CARGO PANTS - BLACK - M";"119,90";"52,00";"47,96";"17,00";;;
"1004256060-L";"4067434015839";"DETACHABLE CARGO PANTS - BLACK - L";"119,90";"52,00";"47,96";"30,00";;;
"1004256060-XL";"4067434015846";"DETACHABLE CARGO PANTS - BLACK - XL";"119,90";"52,00";"47,96";"17,00";;;
"1004256060-XXL";"4067434015853";"DETACHABLE CARGO PANTS - BLACK - XXL";"119,90";"52,00";"47,96";"2,00";;;
"1001251010-XS";"4067434016041";"SIGNE T-SHIRT - WASHED GREY - XS";"54,90";"26,00";"21,96";"2,00";;;
"1001251010-S";"4067434016058";"SIGNE T-SHIRT - WASHED GREY - S";"54,90";"26,00";"21,96";"0,00";;;
"1001251010-M";"4067434016065";"SIGNE T-SHIRT - WASHED GREY - M";"54,90";"26,00";"21,96";"9,00";;;
"1001251010-L";"4067434016072";"SIGNE T-SHIRT - WASHED GREY - L";"54,90";"26,00";"21,96";"6,00";;;
"1001251010-XL";"4067434016089";"SIGNE T-SHIRT - WASHED GREY - XL";"54,90";"26,00";"21,96";"3,00";;;
"1001251010-XXL";"4067434016096";"SIGNE T-SHIRT - WASHED GREY - XXL";"54,90";"26,00";"21,96";"6,00";;;
"1001251020-XS";"4067434016102";"CREATIVE DEPT LOGO T-SHIRT - WHITE - XS";"59,90";"28,00";"23,96";"0,00";;;
"1001251020-S";"4067434016119";"CREATIVE DEPT LOGO T-SHIRT - WHITE - S";"59,90";"28,00";"23,96";"2,00";;;
"1001251020-M";"4067434016126";"CREATIVE DEPT LOGO T-SHIRT - WHITE - M";"59,90";"28,00";"23,96";"0,00";;;
"1001251020-L";"4067434016133";"CREATIVE DEPT LOGO T-SHIRT - WHITE - L";"59,90";"28,00";"23,96";"0,00";;;
"1001251020-XL";"4067434016140";"CREATIVE DEPT LOGO T-SHIRT - WHITE - XL";"59,90";"28,00";"23,96";"7,00";;;
"1001251020-XXL";"4067434016157";"CREATIVE DEPT LOGO T-SHIRT - WHITE - XXL";"59,90";"28,00";"23,96";"2,00";;;
"1001252030-XS";"4067434016348";"SIGNE ZIP-HOODIE - WASHED GREY - XS";"99,90";"44,00";"39,96";"0,00";;;
"1001252030-S";"4067434016355";"SIGNE ZIP-HOODIE - WASHED GREY - S";"99,90";"44,00";"39,96";"4,00";;;
"1001252030-M";"4067434016362";"SIGNE ZIP-HOODIE - WASHED GREY - M";"99,90";"44,00";"39,96";"0,00";;;
"1001252030-L";"4067434016379";"SIGNE ZIP-HOODIE - WASHED GREY - L";"99,90";"44,00";"39,96";"9,00";;;
"1001252030-XL";"4067434016386";"SIGNE ZIP-HOODIE - WASHED GREY - XL";"99,90";"44,00";"39,96";"13,00";;;
"1001252030-XXL";"4067434016393";"SIGNE ZIP-HOODIE - WASHED GREY - XXL";"99,90";"44,00";"39,96";"5,00";;;
"1001253010-XS";"4067434016461";"ESSENTIAL FURRY KNIT SWEATER - LIGHT GREY - XS";"129,90";"56,00";"51,96";"8,00";;;
"1001253010-S";"4067434016478";"ESSENTIAL FURRY KNIT SWEATER - LIGHT GREY - S";"129,90";"56,00";"51,96";"42,00";;;
"1001253010-M";"4067434016485";"ESSENTIAL FURRY KNIT SWEATER - LIGHT GREY - M";"129,90";"56,00";"51,96";"89,00";;;
"1001253010-L";"4067434016492";"ESSENTIAL FURRY KNIT SWEATER - LIGHT GREY - L";"129,90";"56,00";"51,96";"94,00";;;
"1001253010-XL";"4067434016508";"ESSENTIAL FURRY KNIT SWEATER - LIGHT GREY - XL";"129,90";"56,00";"51,96";"64,00";;;
"1001253010-XXL";"4067434016515";"ESSENTIAL FURRY KNIT SWEATER - LIGHT GREY - XXL";"129,90";"56,00";"51,96";"19,00";;;
"1001253030-XS";"4067434016584";"CREATIVE DEPT LOGO KNIT SWEATER - BLACK - XS";"109,90";"48,00";"43,96";"2,00";;;
"1001253030-S";"4067434016591";"CREATIVE DEPT LOGO KNIT SWEATER - BLACK - S";"109,90";"48,00";"43,96";"6,00";;;
"1001253030-M";"4067434016607";"CREATIVE DEPT LOGO KNIT SWEATER - BLACK - M";"109,90";"48,00";"43,96";"19,00";;;
"1001253030-L";"4067434016614";"CREATIVE DEPT LOGO KNIT SWEATER - BLACK - L";"109,90";"48,00";"43,96";"26,00";;;
"1001253030-XL";"4067434016621";"CREATIVE DEPT LOGO KNIT SWEATER - BLACK - XL";"109,90";"48,00";"43,96";"17,00";;;
"1001253030-XXL";"4067434016638";"CREATIVE DEPT LOGO KNIT SWEATER - BLACK - XXL";"109,90";"48,00";"43,96";"5,00";;;
"1001253040-XS";"4067434022448";"ESSENTIAL FURRY KNIT SWEATER - BLACK - XS";"129,90";"56,00";"51,96";"8,00";;;
"1001253040-S";"4067434022455";"ESSENTIAL FURRY KNIT SWEATER - BLACK - S";"129,90";"56,00";"51,96";"34,00";;;
"1001253040-M";"4067434022462";"ESSENTIAL FURRY KNIT SWEATER - BLACK - M";"129,90";"56,00";"51,96";"83,00";;;
"1001253040-L";"4067434022479";"ESSENTIAL FURRY KNIT SWEATER - BLACK - L";"129,90";"56,00";"51,96";"73,00";;;
"1001253040-XL";"4067434022486";"ESSENTIAL FURRY KNIT SWEATER - BLACK - XL";"129,90";"56,00";"51,96";"50,00";;;
"1001253040-XXL";"4067434022493";"ESSENTIAL FURRY KNIT SWEATER - BLACK - XXL";"129,90";"56,00";"51,96";"13,00";;;
"1001255010-XS";"4067434016645";"ESSENTIAL DENIM JACKET - STONE BLUE - XS";"149,90";"64,00";"59,96";"2,00";;;
"1001255010-S";"4067434016652";"ESSENTIAL DENIM JACKET - STONE BLUE - S";"149,90";"64,00";"59,96";"7,00";;;
"1001255010-M";"4067434016669";"ESSENTIAL DENIM JACKET - STONE BLUE - M";"149,90";"64,00";"59,96";"7,00";;;
"1001255010-L";"4067434016676";"ESSENTIAL DENIM JACKET - STONE BLUE - L";"149,90";"64,00";"59,96";"10,00";;;
"1001255010-XL";"4067434016683";"ESSENTIAL DENIM JACKET - STONE BLUE - XL";"149,90";"64,00";"59,96";"0,00";;;
"1001255010-XXL";"4067434016690";"ESSENTIAL DENIM JACKET - STONE BLUE - XXL";"149,90";"64,00";"59,96";"2,00";;;
"1001256040-30";"4067434016881";"ESSENTIAL BAGGY DENIM - STONE BLUE - 30";"109,90";"48,00";"43,96";"0,00";;;
"1001256040-31";"4067434016898";"ESSENTIAL BAGGY DENIM - STONE BLUE - 31";"109,90";"48,00";"43,96";"0,00";;;
"1001256040-32";"4067434016904";"ESSENTIAL BAGGY DENIM - STONE BLUE - 32";"109,90";"48,00";"43,96";"0,00";;;
"1001256040-33";"4067434016911";"ESSENTIAL BAGGY DENIM - STONE BLUE - 33";"109,90";"48,00";"43,96";"0,00";;;
"1001256040-34";"4067434016928";"ESSENTIAL BAGGY DENIM - STONE BLUE - 34";"109,90";"48,00";"43,96";"8,00";;;
"1001256040-36";"4067434016935";"ESSENTIAL BAGGY DENIM - STONE BLUE - 36";"109,90";"48,00";"43,96";"0,00";;;
"1002242020-XS";"4067434001825";"CREATIVE DEPT HOODIE - MELANGE GREY - XS";"99,90";"44,00";"39,96";"0,00";;;
"1002242020-S";"4067434001832";"CREATIVE DEPT HOODIE - MELANGE GREY - S";"99,90";"44,00";"39,96";"19,00";;;
"1002242020-M";"4067434001849";"CREATIVE DEPT HOODIE - MELANGE GREY - M";"99,90";"44,00";"39,96";"38,00";;;
"1002242020-L";"4067434001856";"CREATIVE DEPT HOODIE - MELANGE GREY - L";"99,90";"44,00";"39,96";"46,00";;;
"1002242020-XL";"4067434001863";"CREATIVE DEPT HOODIE - MELANGE GREY - XL";"99,90";"44,00";"39,96";"31,00";;;
"1002242020-XXL";"4067434001870";"CREATIVE DEPT HOODIE - MELANGE GREY - XXL";"99,90";"44,00";"39,96";"18,00";;;
"1002242030-XS";"4067434001948";"CREATIVE DEPT HOODIE - FADED BLACK - XS";"99,90";"44,00";"39,96";"2,00";;;
"1002242030-S";"4067434001955";"CREATIVE DEPT HOODIE - FADED BLACK - S";"99,90";"44,00";"39,96";"16,00";;;
"1002242030-M";"4067434001962";"CREATIVE DEPT HOODIE - FADED BLACK - M";"99,90";"44,00";"39,96";"8,00";;;
"1002242030-L";"4067434001979";"CREATIVE DEPT HOODIE - FADED BLACK - L";"99,90";"44,00";"39,96";"0,00";;;
"1002242030-XL";"4067434001986";"CREATIVE DEPT HOODIE - FADED BLACK - XL";"99,90";"44,00";"39,96";"11,00";;;
"1002242030-XXL";"4067434002419";"CREATIVE DEPT HOODIE - FADED BLACK - XXL";"99,90";"44,00";"39,96";"3,00";;;
"1002246020-XS";"4067434003737";"CREATIVE DEPT SWEATPANTS - FADED BLACK - XS";"99,90";"44,00";"39,96";"0,00";;;
"1002246020-S";"4067434003744";"CREATIVE DEPT SWEATPANTS - FADED BLACK - S";"99,90";"44,00";"39,96";"7,00";;;
"1002246020-M";"4067434003751";"CREATIVE DEPT SWEATPANTS - FADED BLACK - M";"99,90";"44,00";"39,96";"11,00";;;
"1002246020-L";"4067434003768";"CREATIVE DEPT SWEATPANTS - FADED BLACK - L";"99,90";"44,00";"39,96";"37,00";;;
"1002246020-XL";"4067434003775";"CREATIVE DEPT SWEATPANTS - FADED BLACK - XL";"99,90";"44,00";"39,96";"4,00";;;
"1002246020-XXL";"4067434003782";"CREATIVE DEPT SWEATPANTS - FADED BLACK - XXL";"99,90";"44,00";"39,96";"0,00";;;
"1002251010-XS";"4067434018229";"SOUVENIR T-SHIRT - WHITE - XS";"64,90";"30,00";"25,96";"0,00";;;
"1002251010-S";"4067434018236";"SOUVENIR T-SHIRT - WHITE - S";"64,90";"30,00";"25,96";"0,00";;;
"1002251010-M";"4067434018243";"SOUVENIR T-SHIRT - WHITE - M";"64,90";"30,00";"25,96";"0,00";;;
"1002251010-L";"4067434018250";"SOUVENIR T-SHIRT - WHITE - L";"64,90";"30,00";"25,96";"0,00";;;
"1002251010-XL";"4067434018267";"SOUVENIR T-SHIRT - WHITE - XL";"64,90";"30,00";"25,96";"12,00";;;
"1002251010-XXL";"4067434018274";"SOUVENIR T-SHIRT - WHITE - XXL";"64,90";"30,00";"25,96";"13,00";;;
"1002251020-XS";"4067434018281";"QUOTE T-SHIRT - CREAM - XS";"64,90";"30,00";"25,96";"0,00";;;
"1002251020-S";"4067434018298";"QUOTE T-SHIRT - CREAM - S";"64,90";"30,00";"25,96";"0,00";;;
"1002251020-M";"4067434018304";"QUOTE T-SHIRT - CREAM - M";"64,90";"30,00";"25,96";"0,00";;;
"1002251020-L";"4067434018311";"QUOTE T-SHIRT - CREAM - L";"64,90";"30,00";"25,96";"15,00";;;
"1002251020-XL";"4067434018328";"QUOTE T-SHIRT - CREAM - XL";"64,90";"30,00";"25,96";"17,00";;;
"1002251020-XXL";"4067434018335";"QUOTE T-SHIRT - CREAM - XXL";"64,90";"30,00";"25,96";"1,00";;;
"1002251030-XS";"4067434018342";"ARTS & CRAFT T-SHIRT - WASHED BLUE - XS";"64,90";"30,00";"25,96";"3,00";;;
"1002251030-S";"4067434018359";"ARTS & CRAFT T-SHIRT - WASHED BLUE - S";"64,90";"30,00";"25,96";"6,00";;;
"1002251030-M";"4067434018366";"ARTS & CRAFT T-SHIRT - WASHED BLUE - M";"64,90";"30,00";"25,96";"11,00";;;
"1002251030-L";"4067434018373";"ARTS & CRAFT T-SHIRT - WASHED BLUE - L";"64,90";"30,00";"25,96";"7,00";;;
"1002251030-XL";"4067434018380";"ARTS & CRAFT T-SHIRT - WASHED BLUE - XL";"64,90";"30,00";"25,96";"10,00";;;
"1002251030-XXL";"4067434018397";"ARTS & CRAFT T-SHIRT - WASHED BLUE - XXL";"64,90";"30,00";"25,96";"10,00";;;
"1002251050-XS";"4067434018465";"ARTS & CRAFT T-SHIRT - WHITE - XS";"64,90";"30,00";"25,96";"0,00";;;
"1002251050-S";"4067434018472";"ARTS & CRAFT T-SHIRT - WHITE - S";"64,90";"30,00";"25,96";"0,00";;;
"1002251050-M";"4067434018489";"ARTS & CRAFT T-SHIRT - WHITE - M";"64,90";"30,00";"25,96";"0,00";;;
"1002251050-L";"4067434018496";"ARTS & CRAFT T-SHIRT - WHITE - L";"64,90";"30,00";"25,96";"0,00";;;
"1002251050-XL";"4067434018502";"ARTS & CRAFT T-SHIRT - WHITE - XL";"64,90";"30,00";"25,96";"2,00";;;
"1002251050-XXL";"4067434018519";"ARTS & CRAFT T-SHIRT - WHITE - XXL";"64,90";"30,00";"25,96";"6,00";;;
"1002252020-XS";"4067434018649";"ÉVO HOODIE - BLACK - XS";"109,90";"48,00";"43,96";"0,00";;;
"1002252020-S";"4067434018656";"ÉVO HOODIE - BLACK - S";"109,90";"48,00";"43,96";"0,00";;;
"1002252020-M";"4067434018663";"ÉVO HOODIE - BLACK - M";"109,90";"48,00";"43,96";"12,00";;;
"1002252020-L";"4067434018670";"ÉVO HOODIE - BLACK - L";"109,90";"48,00";"43,96";"1,00";;;
"1002252020-XL";"4067434018687";"ÉVO HOODIE - BLACK - XL";"109,90";"48,00";"43,96";"5,00";;;
"1002252020-XXL";"4067434018694";"ÉVO HOODIE - BLACK - XXL";"109,90";"48,00";"43,96";"7,00";;;
"1002252040-XS";"4067434018762";"LAYERED ZIP-HOODIE - WASHED GREY/CREAM - XS";"119,90";"52,00";"47,96";"2,00";;;
"1002252040-S";"4067434018779";"LAYERED ZIP-HOODIE - WASHED GREY/CREAM - S";"119,90";"52,00";"47,96";"11,00";;;
"1002252040-M";"4067434018786";"LAYERED ZIP-HOODIE - WASHED GREY/CREAM - M";"119,90";"52,00";"47,96";"18,00";;;
"1002252040-L";"4067434018793";"LAYERED ZIP-HOODIE - WASHED GREY/CREAM - L";"119,90";"52,00";"47,96";"21,00";;;
"1002252040-XL";"4067434018809";"LAYERED ZIP-HOODIE - WASHED GREY/CREAM - XL";"119,90";"52,00";"47,96";"9,00";;;
"1002252040-XXL";"4067434018816";"LAYERED ZIP-HOODIE - WASHED GREY/CREAM - XXL";"119,90";"52,00";"47,96";"0,00";;;
"1002253020-XS";"4067434019127";"ATELIER KNIT SWEATER - WASHED BLACK - XS";"109,90";"48,00";"43,96";"0,00";;;
"1002253020-S";"4067434019134";"ATELIER KNIT SWEATER - WASHED BLACK - S";"109,90";"48,00";"43,96";"0,00";;;
"1002253020-M";"4067434019141";"ATELIER KNIT SWEATER - WASHED BLACK - M";"109,90";"48,00";"43,96";"0,00";;;
"1002253020-L";"4067434019158";"ATELIER KNIT SWEATER - WASHED BLACK - L";"109,90";"48,00";"43,96";"8,00";;;
"1002253020-XL";"4067434019165";"ATELIER KNIT SWEATER - WASHED BLACK - XL";"109,90";"48,00";"43,96";"14,00";;;
"1002253020-XXL";"4067434019172";"ATELIER KNIT SWEATER - WASHED BLACK - XXL";"109,90";"48,00";"43,96";"2,00";;;
"1002253070-XS";"4067434019424";"INTERWOVEN FURRY KNIT - LILAC - XS";"129,90";"56,00";"51,96";"1,00";;;
"1002253070-S";"4067434019431";"INTERWOVEN FURRY KNIT - LILAC - S";"129,90";"56,00";"51,96";"2,00";;;
"1002253070-M";"4067434019448";"INTERWOVEN FURRY KNIT - LILAC - M";"129,90";"56,00";"51,96";"19,00";;;
"1002253070-L";"4067434019455";"INTERWOVEN FURRY KNIT - LILAC - L";"129,90";"56,00";"51,96";"24,00";;;
"1002253070-XL";"4067434019462";"INTERWOVEN FURRY KNIT - LILAC - XL";"129,90";"56,00";"51,96";"7,00";;;
"1002253070-XXL";"4067434019479";"INTERWOVEN FURRY KNIT - LILAC - XXL";"129,90";"56,00";"51,96";"0,00";;;
"1002254010-XS";"4067434019547";"CONSTRUCTION BUTTON SHIRT - BLUE/WHITE - XS";"99,90";"44,00";"39,96";"0,00";;;
"1002254010-S";"4067434019554";"CONSTRUCTION BUTTON SHIRT - BLUE/WHITE - S";"99,90";"44,00";"39,96";"0,00";;;
"1002254010-M";"4067434019561";"CONSTRUCTION BUTTON SHIRT - BLUE/WHITE - M";"99,90";"44,00";"39,96";"0,00";;;
"1002254010-L";"4067434019578";"CONSTRUCTION BUTTON SHIRT - BLUE/WHITE - L";"99,90";"44,00";"39,96";"0,00";;;
"1002254010-XL";"4067434019585";"CONSTRUCTION BUTTON SHIRT - BLUE/WHITE - XL";"99,90";"44,00";"39,96";"6,00";;;
"1002254010-XXL";"4067434019592";"CONSTRUCTION BUTTON SHIRT - BLUE/WHITE - XXL";"99,90";"44,00";"39,96";"6,00";;;
"1002256030-30";"4067434019967";"PAINTED ARTISAN DENIM - WASHED BLUE  - 30";"129,90";"56,00";"51,96";"0,00";;;
"1002256030-31";"4067434019974";"PAINTED ARTISAN DENIM - WASHED BLUE  - 31";"129,90";"56,00";"51,96";"21,00";;;
"1002256030-32";"4067434019981";"PAINTED ARTISAN DENIM - WASHED BLUE  - 32";"129,90";"56,00";"51,96";"51,00";;;
"1002256030-33";"4067434019998";"PAINTED ARTISAN DENIM - WASHED BLUE  - 33";"129,90";"56,00";"51,96";"51,00";;;
"1002256030-34";"4067434020000";"PAINTED ARTISAN DENIM - WASHED BLUE  - 34";"129,90";"56,00";"51,96";"22,00";;;
"1002256030-36";"4067434020017";"PAINTED ARTISAN DENIM - WASHED BLUE  - 36";"129,90";"56,00";"51,96";"9,00";;;
"1002256050-XS";"4067434020086";"CONCEPTION CARGO PANTS - RAW DENIM - XS";"119,90";"52,00";"47,96";"4,00";;;
"1002256050-S";"4067434020093";"CONCEPTION CARGO PANTS - RAW DENIM - S";"119,90";"52,00";"47,96";"17,00";;;
"1002256050-M";"4067434020109";"CONCEPTION CARGO PANTS - RAW DENIM - M";"119,90";"52,00";"47,96";"29,00";;;
"1002256050-L";"4067434020116";"CONCEPTION CARGO PANTS - RAW DENIM - L";"119,90";"52,00";"47,96";"39,00";;;
"1002256050-XL";"4067434020123";"CONCEPTION CARGO PANTS - RAW DENIM - XL";"119,90";"52,00";"47,96";"15,00";;;
"1002256050-XXL";"4067434020130";"CONCEPTION CARGO PANTS - RAW DENIM - XXL";"119,90";"52,00";"47,96";"4,00";;;
"1002256060-30";"4067434020147";"DESTROYED TROU DENIM - WASHED BLACK - 30";"119,90";"52,00";"47,96";"12,00";;;
"1002256060-31";"4067434020154";"DESTROYED TROU DENIM - WASHED BLACK - 31";"119,90";"52,00";"47,96";"21,00";;;
"1002256060-32";"4067434020161";"DESTROYED TROU DENIM - WASHED BLACK - 32";"119,90";"52,00";"47,96";"40,00";;;
"1002256060-33";"4067434020178";"DESTROYED TROU DENIM - WASHED BLACK - 33";"119,90";"52,00";"47,96";"42,00";;;
"1002256060-34";"4067434020185";"DESTROYED TROU DENIM - WASHED BLACK - 34";"119,90";"52,00";"47,96";"42,00";;;
"1002256060-36";"4067434020192";"DESTROYED TROU DENIM - WASHED BLACK - 36";"119,90";"52,00";"47,96";"7,00";;;
"1002256070-30";"4067434020208";"PAINTED ARTISAN JORTS - WASHED BLUE - 30";"84,90";"38,00";"33,96";"4,00";;;
"1002256070-31";"4067434020215";"PAINTED ARTISAN JORTS - WASHED BLUE - 31";"84,90";"38,00";"33,96";"5,00";;;
"1002256070-32";"4067434020222";"PAINTED ARTISAN JORTS - WASHED BLUE - 32";"84,90";"38,00";"33,96";"15,00";;;
"1002256070-33";"4067434020239";"PAINTED ARTISAN JORTS - WASHED BLUE - 33";"84,90";"38,00";"33,96";"19,00";;;
"1002256070-34";"4067434020246";"PAINTED ARTISAN JORTS - WASHED BLUE - 34";"84,90";"38,00";"33,96";"2,00";;;
"1002256070-36";"4067434020253";"PAINTED ARTISAN JORTS - WASHED BLUE - 36";"84,90";"38,00";"33,96";"0,00";;;
"1003251030-XS";"4067434022929";"CREATIVE DEPT LOGO T-SHIRT - CREAM - XS";"59,90";"28,00";"23,96";"0,00";;;
"1003251030-S";"4067434022936";"CREATIVE DEPT LOGO T-SHIRT - CREAM - S";"59,90";"28,00";"23,96";"0,00";;;
"1003251030-M";"4067434022943";"CREATIVE DEPT LOGO T-SHIRT - CREAM - M";"59,90";"28,00";"23,96";"0,00";;;
"1003251030-L";"4067434022950";"CREATIVE DEPT LOGO T-SHIRT - CREAM - L";"59,90";"28,00";"23,96";"0,00";;;
"1003251030-XL";"4067434022967";"CREATIVE DEPT LOGO T-SHIRT - CREAM - XL";"59,90";"28,00";"23,96";"23,00";;;
"1003251030-XXL";"4067434022974";"CREATIVE DEPT LOGO T-SHIRT - CREAM - XXL";"59,90";"28,00";"23,96";"11,00";;;
"1003251060-XS";"4067434023100";"CREATIVE DEPT LOGO MESH T-SHIRT - CREAM - XS";"74,90";"34,00";"29,96";"0,00";;;
"1003251060-S";"4067434023117";"CREATIVE DEPT LOGO MESH T-SHIRT - CREAM - S";"74,90";"34,00";"29,96";"0,00";;;
"1003251060-M";"4067434023124";"CREATIVE DEPT LOGO MESH T-SHIRT - CREAM - M";"74,90";"34,00";"29,96";"7,00";;;
"1003251060-L";"4067434023131";"CREATIVE DEPT LOGO MESH T-SHIRT - CREAM - L";"74,90";"34,00";"29,96";"29,00";;;
"1003251060-XL";"4067434023148";"CREATIVE DEPT LOGO MESH T-SHIRT - CREAM - XL";"74,90";"34,00";"29,96";"20,00";;;
"1003251060-XXL";"4067434023155";"CREATIVE DEPT LOGO MESH T-SHIRT - CREAM - XXL";"74,90";"34,00";"29,96";"11,00";;;
"1003251070-XS";"4067434023162";"CREATIVE DEPT LOGO MESH T-SHIRT - BLACK - XS";"74,90";"34,00";"29,96";"0,00";;;
"1003251070-S";"4067434023179";"CREATIVE DEPT LOGO MESH T-SHIRT - BLACK - S";"74,90";"34,00";"29,96";"0,00";;;
"1003251070-M";"4067434023186";"CREATIVE DEPT LOGO MESH T-SHIRT - BLACK - M";"74,90";"34,00";"29,96";"19,00";;;
"1003251070-L";"4067434023193";"CREATIVE DEPT LOGO MESH T-SHIRT - BLACK - L";"74,90";"34,00";"29,96";"32,00";;;
"1003251070-XL";"4067434023209";"CREATIVE DEPT LOGO MESH T-SHIRT - BLACK - XL";"74,90";"34,00";"29,96";"33,00";;;
"1003251070-XXL";"4067434023216";"CREATIVE DEPT LOGO MESH T-SHIRT - BLACK - XXL";"74,90";"34,00";"29,96";"14,00";;;
"1003254020-XS";"4067434023469";"CREATIVE DEPT LOGO BUTTON SHIRT - BLACK - XS";"89,90";"40,00";"35,96";"0,00";;;
"1003254020-S";"4067434023476";"CREATIVE DEPT LOGO BUTTON SHIRT - BLACK - S";"89,90";"40,00";"35,96";"0,00";;;
"1003254020-M";"4067434023483";"CREATIVE DEPT LOGO BUTTON SHIRT - BLACK - M";"89,90";"40,00";"35,96";"8,00";;;
"1003254020-L";"4067434023490";"CREATIVE DEPT LOGO BUTTON SHIRT - BLACK - L";"89,90";"40,00";"35,96";"6,00";;;
"1003254020-XL";"4067434023506";"CREATIVE DEPT LOGO BUTTON SHIRT - BLACK - XL";"89,90";"40,00";"35,96";"15,00";;;
"1003254020-XXL";"4067434023513";"CREATIVE DEPT LOGO BUTTON SHIRT - BLACK - XXL";"89,90";"40,00";"35,96";"5,00";;;
"1003257010-XS";"4067434023520";"CREATIVE DEPT LOGO MESH SHORTS - CREAM - XS";"69,90";"32,00";"27,96";"4,00";;;
"1003257010-S";"4067434023537";"CREATIVE DEPT LOGO MESH SHORTS - CREAM - S";"69,90";"32,00";"27,96";"7,00";;;
"1003257010-M";"4067434023544";"CREATIVE DEPT LOGO MESH SHORTS - CREAM - M";"69,90";"32,00";"27,96";"0,00";;;
"1003257010-L";"4067434023551";"CREATIVE DEPT LOGO MESH SHORTS - CREAM - L";"69,90";"32,00";"27,96";"6,00";;;
"1003257010-XL";"4067434023568";"CREATIVE DEPT LOGO MESH SHORTS - CREAM - XL";"69,90";"32,00";"27,96";"18,00";;;
"1003257010-XXL";"4067434023575";"CREATIVE DEPT LOGO MESH SHORTS - CREAM - XXL";"69,90";"32,00";"27,96";"6,00";;;
"1003257030-XS";"4067434023643";"ESSENTIAL DENIM CARGO - WASHED BLUE - XS";"79,90";"36,00";"31,96";"5,00";;;
"1003257030-S";"4067434023650";"ESSENTIAL DENIM CARGO - WASHED BLUE - S";"79,90";"36,00";"31,96";"24,00";;;
"1003257030-M";"4067434023667";"ESSENTIAL DENIM CARGO - WASHED BLUE - M";"79,90";"36,00";"31,96";"43,00";;;
"1003257030-L";"4067434023674";"ESSENTIAL DENIM CARGO - WASHED BLUE - L";"79,90";"36,00";"31,96";"38,00";;;
"1003257030-XL";"4067434023681";"ESSENTIAL DENIM CARGO - WASHED BLUE - XL";"79,90";"36,00";"31,96";"28,00";;;
"1003257030-XXL";"4067434023698";"ESSENTIAL DENIM CARGO - WASHED BLUE - XXL";"79,90";"36,00";"31,96";"7,00";;;
"1003257040-XS";"4067434023704";"ESSENTIAL DENIM CARGO - WASHED BLACK - XS";"79,90";"36,00";"31,96";"7,00";;;
"1003257040-S";"4067434023711";"ESSENTIAL DENIM CARGO - WASHED BLACK - S";"79,90";"36,00";"31,96";"38,00";;;
"1003257040-M";"4067434023728";"ESSENTIAL DENIM CARGO - WASHED BLACK - M";"79,90";"36,00";"31,96";"60,00";;;
"1003257040-L";"4067434023735";"ESSENTIAL DENIM CARGO - WASHED BLACK - L";"79,90";"36,00";"31,96";"65,00";;;
"1003257040-XL";"4067434023742";"ESSENTIAL DENIM CARGO - WASHED BLACK - XL";"79,90";"36,00";"31,96";"28,00";;;
"1003257040-XXL";"4067434023759";"ESSENTIAL DENIM CARGO - WASHED BLACK - XXL";"79,90";"36,00";"31,96";"7,00";;;
"1004247030-30";"4067434024244";"SIGNE JORTS - WASHED BLACK - 30";"79,90";"36,00";"31,96";"0,00";;;
"1004247030-31";"4067434024251";"SIGNE JORTS - WASHED BLACK - 31";"79,90";"36,00";"31,96";"0,00";;;
"1004247030-32";"4067434024268";"SIGNE JORTS - WASHED BLACK - 32";"79,90";"36,00";"31,96";"0,00";;;
"1004247030-33";"4067434024275";"SIGNE JORTS - WASHED BLACK - 33";"79,90";"36,00";"31,96";"9,00";;;
"1004247030-34";"4067434024282";"SIGNE JORTS - WASHED BLACK - 34";"79,90";"36,00";"31,96";"26,00";;;
"1004247030-36";"4067434024299";"SIGNE JORTS - WASHED BLACK - 36";"79,90";"36,00";"31,96";"0,00";;;
"1001252060-XS";"4067434025203";"ATELIER EMBLEM ZIP-HOODIE - BLACK - XS";"109,90";"48,00";"43,96";"3,00";;;
"1001252060-S";"4067434025210";"ATELIER EMBLEM ZIP-HOODIE - BLACK - S";"109,90";"48,00";"43,96";"0,00";;;
"1001252060-M";"4067434025227";"ATELIER EMBLEM ZIP-HOODIE - BLACK - M";"109,90";"48,00";"43,96";"0,00";;;
"1001252060-L";"4067434025234";"ATELIER EMBLEM ZIP-HOODIE - BLACK - L";"109,90";"48,00";"43,96";"15,00";;;
"1001252060-XL";"4067434025241";"ATELIER EMBLEM ZIP-HOODIE - BLACK - XL";"109,90";"48,00";"43,96";"9,00";;;
"1001252060-XXL";"4067434025258";"ATELIER EMBLEM ZIP-HOODIE - BLACK - XXL";"109,90";"48,00";"43,96";"0,00";;;
"1006231030-XS";"4067434025562";"CREATIVE DEPT T-SHIRT - BLUE - XS";"59,90";"28,00";"23,96";"4,00";;;
"1006231030-S";"4067434025579";"CREATIVE DEPT T-SHIRT - BLUE - S";"59,90";"28,00";"23,96";"5,00";;;
"1006231030-M";"4067434025586";"CREATIVE DEPT T-SHIRT - BLUE - M";"59,90";"28,00";"23,96";"8,00";;;
"1006231030-L";"4067434025593";"CREATIVE DEPT T-SHIRT - BLUE - L";"59,90";"28,00";"23,96";"9,00";;;
"1006231030-XL";"4067434025609";"CREATIVE DEPT T-SHIRT - BLUE - XL";"59,90";"28,00";"23,96";"6,00";;;
"1006231030-XXL";"4067434025616";"CREATIVE DEPT T-SHIRT - BLUE - XXL";"59,90";"28,00";"23,96";"2,00";;;
"1006231020-XS";"4067434025623";"CREATIVE DEPT T-SHIRT - GREEN - XS";"59,90";"28,00";"23,96";"4,00";;;
"1006231020-S";"4067434025630";"CREATIVE DEPT T-SHIRT - GREEN - S";"59,90";"28,00";"23,96";"7,00";;;
"1006231020-M";"4067434025647";"CREATIVE DEPT T-SHIRT - GREEN - M";"59,90";"28,00";"23,96";"14,00";;;
"1006231020-L";"4067434025654";"CREATIVE DEPT T-SHIRT - GREEN - L";"59,90";"28,00";"23,96";"19,00";;;
"1006231020-XL";"4067434025661";"CREATIVE DEPT T-SHIRT - GREEN - XL";"59,90";"28,00";"23,96";"6,00";;;
"1006231020-XXL";"4067434025678";"CREATIVE DEPT T-SHIRT - GREEN - XXL";"59,90";"28,00";"23,96";"0,00";;;
"1013232010-XS";"4067434025685";"CREATIVE DEPT HOODIE - CREAM - XS";"99,90";"44,00";"39,96";"5,00";;;
"1013232010-S";"4067434025692";"CREATIVE DEPT HOODIE - CREAM - S";"99,90";"44,00";"39,96";"5,00";;;
"1013232010-M";"4067434025708";"CREATIVE DEPT HOODIE - CREAM - M";"99,90";"44,00";"39,96";"13,00";;;
"1013232010-L";"4067434025715";"CREATIVE DEPT HOODIE - CREAM - L";"99,90";"44,00";"39,96";"14,00";;;
"1013232010-XL";"4067434025722";"CREATIVE DEPT HOODIE - CREAM - XL";"99,90";"44,00";"39,96";"16,00";;;
"1013232010-XXL";"4067434025739";"CREATIVE DEPT HOODIE - CREAM - XXL";"99,90";"44,00";"39,96";"4,00";;;
"1006232010-XS";"4067434025807";"CREATIVE DEPT HOODIE - GREEN - XS";"99,90";"44,00";"39,96";"3,00";;;
"1006232010-S";"4067434025814";"CREATIVE DEPT HOODIE - GREEN - S";"99,90";"44,00";"39,96";"1,00";;;
"1006232010-M";"4067434025821";"CREATIVE DEPT HOODIE - GREEN - M";"99,90";"44,00";"39,96";"29,00";;;
"1006232010-L";"4067434025838";"CREATIVE DEPT HOODIE - GREEN - L";"99,90";"44,00";"39,96";"51,00";;;
"1006232010-XL";"4067434025845";"CREATIVE DEPT HOODIE - GREEN - XL";"99,90";"44,00";"39,96";"17,00";;;
"1006232010-XXL";"4067434025852";"CREATIVE DEPT HOODIE - GREEN - XXL";"99,90";"44,00";"39,96";"3,00";;;
"1006236020-XS";"4067434021212";"CREATIVE DEPT MESH SHORTS - BLUE - XS";"69,90";"36,00";"31,96";"4,00";;;
"1006236020-S";"4067434021229";"CREATIVE DEPT MESH SHORTS - BLUE - S";"69,90";"36,00";"31,96";"14,00";;;
"1006236020-M";"4067434021236";"CREATIVE DEPT MESH SHORTS - BLUE - M";"69,90";"36,00";"31,96";"94,00";;;
"1006236020-L";"4067434021243";"CREATIVE DEPT MESH SHORTS - BLUE - L";"69,90";"36,00";"31,96";"7,00";;;
"1006236020-XL";"4067434021250";"CREATIVE DEPT MESH SHORTS - BLUE - XL";"69,90";"36,00";"31,96";"24,00";;;
"1006236020-XXL";"4067434021267";"CREATIVE DEPT MESH SHORTS - BLUE - XXL";"69,90";"36,00";"31,96";"23,00";;;
"1006236030-XS";"4067434021335";"CREATIVE DEPT MESH SHORTS - GREEN - XS";"69,90";"36,00";"31,96";"1,00";;;
"1006236030-S";"4067434021342";"CREATIVE DEPT MESH SHORTS - GREEN - S";"69,90";"36,00";"31,96";"7,00";;;
"1006236030-M";"4067434021359";"CREATIVE DEPT MESH SHORTS - GREEN - M";"69,90";"36,00";"31,96";"25,00";;;
"1006236030-L";"4067434021366";"CREATIVE DEPT MESH SHORTS - GREEN - L";"69,90";"36,00";"31,96";"56,00";;;
"1006236030-XL";"4067434021373";"CREATIVE DEPT MESH SHORTS - GREEN - XL";"69,90";"36,00";"31,96";"11,00";;;
"1006236030-XXL";"4067434021380";"CREATIVE DEPT MESH SHORTS - GREEN - XXL";"69,90";"36,00";"31,96";"4,00";;;
"1004251070-XS";"4067434025982";"ATELIER EMBLEM T-SHIRT - HEAVY BLEACHED BLUE - XS";"64,90";"34,00";"29,96";"7,00";;;
"1004251070-S";"4067434025999";"ATELIER EMBLEM T-SHIRT - HEAVY BLEACHED BLUE - S";"64,90";"34,00";"29,96";"16,00";;;
"1004251070-M";"4067434026002";"ATELIER EMBLEM T-SHIRT - HEAVY BLEACHED BLUE - M";"64,90";"34,00";"29,96";"32,00";;;
"1004251070-L";"4067434026019";"ATELIER EMBLEM T-SHIRT - HEAVY BLEACHED BLUE - L";"64,90";"34,00";"29,96";"22,00";;;
"1004251070-XL";"4067434026026";"ATELIER EMBLEM T-SHIRT - HEAVY BLEACHED BLUE - XL";"64,90";"34,00";"29,96";"20,00";;;
"1004251070-XXL";"4067434026033";"ATELIER EMBLEM T-SHIRT - HEAVY BLEACHED BLUE - XXL";"64,90";"34,00";"29,96";"6,00";;;
"1004251080-XS";"4067434026040";"ATELIER EMBLEM T-SHIRT - HEAVY BLEACHED RED - XS";"64,90";"34,00";"29,96";"0,00";;;
"1004251080-S";"4067434026057";"ATELIER EMBLEM T-SHIRT - HEAVY BLEACHED RED - S";"64,90";"34,00";"29,96";"11,00";;;
"1004251080-M";"4067434026064";"ATELIER EMBLEM T-SHIRT - HEAVY BLEACHED RED - M";"64,90";"34,00";"29,96";"11,00";;;
"1004251080-L";"4067434026071";"ATELIER EMBLEM T-SHIRT - HEAVY BLEACHED RED - L";"64,90";"34,00";"29,96";"32,00";;;
"1004251080-XL";"4067434026088";"ATELIER EMBLEM T-SHIRT - HEAVY BLEACHED RED - XL";"64,90";"34,00";"29,96";"21,00";;;
"1004251080-XXL";"4067434026095";"ATELIER EMBLEM T-SHIRT - HEAVY BLEACHED RED - XXL";"64,90";"34,00";"29,96";"2,00";;;
"1009245010-XS";"4067434020550";"RIVOLI RAIN JACKET - CAMOUFLAGE - XS";"149,90";"64,00";"59,96";"0,00";;;
"1009245010-S";"4067434020567";"RIVOLI RAIN JACKET - CAMOUFLAGE - S";"149,90";"64,00";"59,96";"0,00";;;
"1009245010-M";"4067434020574";"RIVOLI RAIN JACKET - CAMOUFLAGE - M";"149,90";"64,00";"59,96";"0,00";;;
"1009245010-L";"4067434020581";"RIVOLI RAIN JACKET - CAMOUFLAGE - L";"149,90";"64,00";"59,96";"6,00";;;
"1009245010-XL";"4067434020598";"RIVOLI RAIN JACKET - CAMOUFLAGE - XL";"149,90";"64,00";"59,96";"0,00";;;
"1009245010-XXL";"4067434020604";"RIVOLI RAIN JACKET - CAMOUFLAGE - XXL";"149,90";"64,00";"59,96";"0,00";;;
"1009246030-XS";"4067434020734";"RIVOLI CARGO PANTS - CAMOUFLAGE - XS";"119,90";"52,00";"47,96";"0,00";;;
"1009246030-S";"4067434020741";"RIVOLI CARGO PANTS - CAMOUFLAGE - S";"119,90";"52,00";"47,96";"0,00";;;
"1009246030-M";"4067434020758";"RIVOLI CARGO PANTS - CAMOUFLAGE - M";"119,90";"52,00";"47,96";"4,00";;;
"1009246030-L";"4067434020765";"RIVOLI CARGO PANTS - CAMOUFLAGE - L";"119,90";"52,00";"47,96";"2,00";;;
"1009246030-XL";"4067434020772";"RIVOLI CARGO PANTS - CAMOUFLAGE - XL";"119,90";"52,00";"47,96";"3,00";;;
"1009246030-XXL";"4067434020789";"RIVOLI CARGO PANTS - CAMOUFLAGE - XXL";"119,90";"52,00";"47,96";"2,00";;;
"1011242010-XS";"4067434024961";"WAFFLE ZIP HOODIE - GREEN - XS";"119,90";"52,00";"47,96";"0,00";;;
"1011242010-S";"4067434024978";"WAFFLE ZIP HOODIE - GREEN - S";"119,90";"52,00";"47,96";"0,00";;;
"1011242010-M";"4067434024985";"WAFFLE ZIP HOODIE - GREEN - M";"119,90";"52,00";"47,96";"4,00";;;
"1011242010-L";"4067434024992";"WAFFLE ZIP HOODIE - GREEN - L";"119,90";"52,00";"47,96";"17,00";;;
"1011242010-XL";"4067434025005";"WAFFLE ZIP HOODIE - GREEN - XL";"119,90";"52,00";"47,96";"7,00";;;
"1011242010-XXL";"4067434025012";"WAFFLE ZIP HOODIE - GREEN - XXL";"119,90";"52,00";"47,96";"1,00";;;
"1011243010-XS";"4067434025029";"KNIT SWEATER - DIRTY CREAM - XS";"109,90";"48,00";"43,96";"0,00";;;
"1011243010-S";"4067434025036";"KNIT SWEATER - DIRTY CREAM - S";"109,90";"48,00";"43,96";"0,00";;;
"1011243010-M";"4067434025043";"KNIT SWEATER - DIRTY CREAM - M";"109,90";"48,00";"43,96";"2,00";;;
"1011243010-L";"4067434025050";"KNIT SWEATER - DIRTY CREAM - L";"109,90";"48,00";"43,96";"1,00";;;
"1011243010-XL";"4067434025067";"KNIT SWEATER - DIRTY CREAM - XL";"109,90";"48,00";"43,96";"7,00";;;
"1011243010-XXL";"4067434025074";"KNIT SWEATER - DIRTY CREAM - XXL";"109,90";"48,00";"43,96";"7,00";;;
"1011246020-30";"4067434025142";"TERRE DENIM - MUD BLUE - 30";"119,90";"48,00";"43,96";"2,00";;;
"1011246020-31";"4067434025159";"TERRE DENIM - MUD BLUE - 31";"119,90";"48,00";"43,96";"15,00";;;
"1011246020-32";"4067434025166";"TERRE DENIM - MUD BLUE - 32";"119,90";"48,00";"43,96";"27,00";;;
"1011246020-33";"4067434025173";"TERRE DENIM - MUD BLUE - 33";"119,90";"48,00";"43,96";"24,00";;;
"1011246020-34";"4067434025180";"TERRE DENIM - MUD BLUE - 34";"119,90";"48,00";"43,96";"12,00";;;
"1011246020-36";"4067434025197";"TERRE DENIM - MUD BLUE - 36";"119,90";"48,00";"43,96";"0,00";;;
"1006252030-XS";"4067434029515";"CREATIVE DEPT LOGO ZIP-HOODIE - WASHED PURPLE - XS";"109,90";"48,00";"43,96";"0,00";;;
"1006252030-S";"4067434029522";"CREATIVE DEPT LOGO ZIP-HOODIE - WASHED PURPLE - S";"109,90";"48,00";"43,96";"9,00";;;
"1006252030-M";"4067434029539";"CREATIVE DEPT LOGO ZIP-HOODIE - WASHED PURPLE - M";"109,90";"48,00";"43,96";"13,00";;;
"1006252030-L";"4067434029546";"CREATIVE DEPT LOGO ZIP-HOODIE - WASHED PURPLE - L";"109,90";"48,00";"43,96";"13,00";;;
"1006252030-XL";"4067434029553";"CREATIVE DEPT LOGO ZIP-HOODIE - WASHED PURPLE - XL";"109,90";"48,00";"43,96";"7,00";;;
"1006252030-XXL";"4067434029560";"CREATIVE DEPT LOGO ZIP-HOODIE - WASHED PURPLE - XXL";"109,90";"48,00";"43,96";"4,00";;;
"1006252040-XS";"4067434029577";"RETERNITY FLEECE HALF ZIP - ACID PURPLE - XS";"119,90";"52,00";"47,96";"0,00";;;
"1006252040-S";"4067434029584";"RETERNITY FLEECE HALF ZIP - ACID PURPLE - S";"119,90";"52,00";"47,96";"5,00";;;
"1006252040-M";"4067434029591";"RETERNITY FLEECE HALF ZIP - ACID PURPLE - M";"119,90";"52,00";"47,96";"10,00";;;
"1006252040-L";"4067434029607";"RETERNITY FLEECE HALF ZIP - ACID PURPLE - L";"119,90";"52,00";"47,96";"2,00";;;
"1006252040-XL";"4067434029614";"RETERNITY FLEECE HALF ZIP - ACID PURPLE - XL";"119,90";"52,00";"47,96";"5,00";;;
"1006252040-XXL";"4067434029621";"RETERNITY FLEECE HALF ZIP - ACID PURPLE - XXL";"119,90";"52,00";"47,96";"4,00";;;
"1006252050-XS";"4067434029638";"RETERNITY FLEECE JACKET - ACID BLACK - XS";"129,90";"56,00";"51,96";"3,00";;;
"1006252050-S";"4067434029645";"RETERNITY FLEECE JACKET - ACID BLACK - S";"129,90";"56,00";"51,96";"29,00";;;
"1006252050-M";"4067434029652";"RETERNITY FLEECE JACKET - ACID BLACK - M";"129,90";"56,00";"51,96";"54,00";;;
"1006252050-L";"4067434029669";"RETERNITY FLEECE JACKET - ACID BLACK - L";"129,90";"56,00";"51,96";"44,00";;;
"1006252050-XL";"4067434029676";"RETERNITY FLEECE JACKET - ACID BLACK - XL";"129,90";"56,00";"51,96";"22,00";;;
"1006252050-XXL";"4067434029683";"RETERNITY FLEECE JACKET - ACID BLACK - XXL";"129,90";"56,00";"51,96";"7,00";;;
"1006253010-XS";"4067434029690";"ESSENTIAL KNIT SWEATER - ACID BROWN - XS";"109,90";"48,00";"43,96";"0,00";;;
"1006253010-S";"4067434029706";"ESSENTIAL KNIT SWEATER - ACID BROWN - S";"109,90";"48,00";"43,96";"0,00";;;
"1006253010-M";"4067434029713";"ESSENTIAL KNIT SWEATER - ACID BROWN - M";"109,90";"48,00";"43,96";"7,00";;;
"1006253010-L";"4067434029720";"ESSENTIAL KNIT SWEATER - ACID BROWN - L";"109,90";"48,00";"43,96";"11,00";;;
"1006253010-XL";"4067434029737";"ESSENTIAL KNIT SWEATER - ACID BROWN - XL";"109,90";"48,00";"43,96";"22,00";;;
"1006253010-XXL";"4067434029744";"ESSENTIAL KNIT SWEATER - ACID BROWN - XXL";"109,90";"48,00";"43,96";"9,00";;;
"1006253020-XS";"4067434029751";"ESSENTIAL KNIT ZIP-HOODIE - ACID BLACK - XS";"129,90";"56,00";"51,96";"0,00";;;
"1006253020-S";"4067434029768";"ESSENTIAL KNIT ZIP-HOODIE - ACID BLACK - S";"129,90";"56,00";"51,96";"8,00";;;
"1006253020-M";"4067434029775";"ESSENTIAL KNIT ZIP-HOODIE - ACID BLACK - M";"129,90";"56,00";"51,96";"25,00";;;
"1006253020-L";"4067434029782";"ESSENTIAL KNIT ZIP-HOODIE - ACID BLACK - L";"129,90";"56,00";"51,96";"15,00";;;
"1006253020-XL";"4067434029799";"ESSENTIAL KNIT ZIP-HOODIE - ACID BLACK - XL";"129,90";"56,00";"51,96";"5,00";;;
"1006253020-XXL";"4067434029805";"ESSENTIAL KNIT ZIP-HOODIE - ACID BLACK - XXL";"129,90";"56,00";"51,96";"3,00";;;
"1006253030-XS";"4067434029812";"ÉVÉNIE LOGO KNIT SWEATER - CREAM - XS";"109,90";"48,00";"43,96";"5,00";;;
"1006253030-S";"4067434029829";"ÉVÉNIE LOGO KNIT SWEATER - CREAM - S";"109,90";"48,00";"43,96";"11,00";;;
"1006253030-M";"4067434029836";"ÉVÉNIE LOGO KNIT SWEATER - CREAM - M";"109,90";"48,00";"43,96";"63,00";;;
"1006253030-L";"4067434029843";"ÉVÉNIE LOGO KNIT SWEATER - CREAM - L";"109,90";"48,00";"43,96";"78,00";;;
"1006253030-XL";"4067434029850";"ÉVÉNIE LOGO KNIT SWEATER - CREAM - XL";"109,90";"48,00";"43,96";"41,00";;;
"1006253030-XXL";"4067434029867";"ÉVÉNIE LOGO KNIT SWEATER - CREAM - XXL";"109,90";"48,00";"43,96";"17,00";;;
"1006253040-XS";"4067434029874";"ÉVÉNIE LOGO KNIT SWEATER - BLACK - XS";"109,90";"48,00";"43,96";"11,00";;;
"1006253040-S";"4067434029881";"ÉVÉNIE LOGO KNIT SWEATER - BLACK - S";"109,90";"48,00";"43,96";"8,00";;;
"1006253040-M";"4067434029898";"ÉVÉNIE LOGO KNIT SWEATER - BLACK - M";"109,90";"48,00";"43,96";"19,00";;;
"1006253040-L";"4067434029904";"ÉVÉNIE LOGO KNIT SWEATER - BLACK - L";"109,90";"48,00";"43,96";"31,00";;;
"1006253040-XL";"4067434029911";"ÉVÉNIE LOGO KNIT SWEATER - BLACK - XL";"109,90";"48,00";"43,96";"24,00";;;
"1006253040-XXL";"4067434029928";"ÉVÉNIE LOGO KNIT SWEATER - BLACK - XXL";"109,90";"48,00";"43,96";"12,00";;;
"1006255010-XS";"4067434030054";"WRINKLED RAIN JACKET - BLACK - XS";"149,90";"64,00";"59,96";"8,00";;;
"1006255010-S";"4067434030061";"WRINKLED RAIN JACKET - BLACK - S";"149,90";"64,00";"59,96";"19,00";;;
"1006255010-M";"4067434030078";"WRINKLED RAIN JACKET - BLACK - M";"149,90";"64,00";"59,96";"55,00";;;
"1006255010-L";"4067434030085";"WRINKLED RAIN JACKET - BLACK - L";"149,90";"64,00";"59,96";"56,00";;;
"1006255010-XL";"4067434030092";"WRINKLED RAIN JACKET - BLACK - XL";"149,90";"64,00";"59,96";"24,00";;;
"1006255010-XXL";"4067434030108";"WRINKLED RAIN JACKET - BLACK - XXL";"149,90";"64,00";"59,96";"0,00";;;
"1006256010-XS";"4067434030177";"CREATIVE DEPT LOGO SWEATPANTS - WASHED PURPLE - XS";"99,90";"44,00";"39,96";"0,00";;;
"1006256010-S";"4067434030184";"CREATIVE DEPT LOGO SWEATPANTS - WASHED PURPLE - S";"99,90";"44,00";"39,96";"0,00";;;
"1006256010-M";"4067434030191";"CREATIVE DEPT LOGO SWEATPANTS - WASHED PURPLE - M";"99,90";"44,00";"39,96";"10,00";;;
"1006256010-L";"4067434030207";"CREATIVE DEPT LOGO SWEATPANTS - WASHED PURPLE - L";"99,90";"44,00";"39,96";"4,00";;;
"1006256010-XL";"4067434030214";"CREATIVE DEPT LOGO SWEATPANTS - WASHED PURPLE - XL";"99,90";"44,00";"39,96";"5,00";;;
"1006256010-XXL";"4067434030221";"CREATIVE DEPT LOGO SWEATPANTS - WASHED PURPLE - XXL";"99,90";"44,00";"39,96";"3,00";;;
"1006259020";"4067434030368";"ESSENTIAL BEANIE - ACID BROWN";"39,90";"20,00";"15,96";"43,00";;;
"1007251020-XS";"4067434030795";"PAINTING SERVICE T-SHIRT - SAND - XS";"64,90";"30,00";"25,96";"7,00";;;
"1007251020-S";"4067434030801";"PAINTING SERVICE T-SHIRT - SAND - S";"64,90";"30,00";"25,96";"13,00";;;
"1007251020-M";"4067434030818";"PAINTING SERVICE T-SHIRT - SAND - M";"64,90";"30,00";"25,96";"25,00";;;
"1007251020-L";"4067434030825";"PAINTING SERVICE T-SHIRT - SAND - L";"64,90";"30,00";"25,96";"21,00";;;
"1007251020-XL";"4067434030832";"PAINTING SERVICE T-SHIRT - SAND - XL";"64,90";"30,00";"25,96";"14,00";;;
"1007251020-XXL";"4067434030849";"PAINTING SERVICE T-SHIRT - SAND - XXL";"64,90";"30,00";"25,96";"2,00";;;
"1007252010-XS";"4067434030856";"LE VERNIS LONGSLEEVE - BLACK - XS";"79,90";"36,00";"31,96";"6,00";;;
"1007252010-S";"4067434030863";"LE VERNIS LONGSLEEVE - BLACK - S";"79,90";"36,00";"31,96";"8,00";;;
"1007252010-M";"4067434030870";"LE VERNIS LONGSLEEVE - BLACK - M";"79,90";"36,00";"31,96";"7,00";;;
"1007252010-L";"4067434030887";"LE VERNIS LONGSLEEVE - BLACK - L";"79,90";"36,00";"31,96";"16,00";;;
"1007252010-XL";"4067434030894";"LE VERNIS LONGSLEEVE - BLACK - XL";"79,90";"36,00";"31,96";"10,00";;;
"1007252010-XXL";"4067434030900";"LE VERNIS LONGSLEEVE - BLACK - XXL";"79,90";"36,00";"31,96";"4,00";;;
"1007252030-XS";"4067434030979";"LE VERNIS HOODIE - MELANGE GREY - XS";"109,90";"48,00";"43,96";"4,00";;;
"1007252030-S";"4067434030986";"LE VERNIS HOODIE - MELANGE GREY - S";"109,90";"48,00";"43,96";"22,00";;;
"1007252030-M";"4067434030993";"LE VERNIS HOODIE - MELANGE GREY - M";"109,90";"48,00";"43,96";"40,00";;;
"1007252030-L";"4067434031006";"LE VERNIS HOODIE - MELANGE GREY - L";"109,90";"48,00";"43,96";"32,00";;;
"1007252030-XL";"4067434031013";"LE VERNIS HOODIE - MELANGE GREY - XL";"109,90";"48,00";"43,96";"21,00";;;
"1007252030-XXL";"4067434031020";"LE VERNIS HOODIE - MELANGE GREY - XXL";"109,90";"48,00";"43,96";"7,00";;;
"1007252050-XS";"4067434031099";"DÉLIRIA ZIP HOODIE - SAND - XS";"129,90";"56,00";"51,96";"4,00";;;
"1007252050-S";"4067434031105";"DÉLIRIA ZIP HOODIE - SAND - S";"129,90";"56,00";"51,96";"4,00";;;
"1007252050-M";"4067434031112";"DÉLIRIA ZIP HOODIE - SAND - M";"129,90";"56,00";"51,96";"13,00";;;
"1007252050-L";"4067434031129";"DÉLIRIA ZIP HOODIE - SAND - L";"129,90";"56,00";"51,96";"9,00";;;
"1007252050-XL";"4067434031136";"DÉLIRIA ZIP HOODIE - SAND - XL";"129,90";"56,00";"51,96";"15,00";;;
"1007252050-XXL";"4067434031143";"DÉLIRIA ZIP HOODIE - SAND - XXL";"129,90";"56,00";"51,96";"4,00";;;
"1007253020-XS";"4067434031273";"CLAIR FURRY KNIT POLO - SAND - XS";"129,90";"56,00";"51,96";"6,00";;;
"1007253020-S";"4067434031280";"CLAIR FURRY KNIT POLO - SAND - S";"129,90";"56,00";"51,96";"28,00";;;
"1007253020-M";"4067434031297";"CLAIR FURRY KNIT POLO - SAND - M";"129,90";"56,00";"51,96";"44,00";;;
"1007253020-L";"4067434031303";"CLAIR FURRY KNIT POLO - SAND - L";"129,90";"56,00";"51,96";"60,00";;;
"1007253020-XL";"4067434031310";"CLAIR FURRY KNIT POLO - SAND - XL";"129,90";"56,00";"51,96";"32,00";;;
"1007253020-XXL";"4067434031327";"CLAIR FURRY KNIT POLO - SAND - XXL";"129,90";"56,00";"51,96";"11,00";;;
"1007253030-XS";"4067434031334";"ATELIER KNIT JERSEY - GREEN - XS";"119,90";"52,00";"47,96";"1,00";;;
"1007253030-S";"4067434031341";"ATELIER KNIT JERSEY - GREEN - S";"119,90";"52,00";"47,96";"7,00";;;
"1007253030-M";"4067434031358";"ATELIER KNIT JERSEY - GREEN - M";"119,90";"52,00";"47,96";"15,00";;;
"1007253030-L";"4067434031365";"ATELIER KNIT JERSEY - GREEN - L";"119,90";"52,00";"47,96";"26,00";;;
"1007253030-XL";"4067434031372";"ATELIER KNIT JERSEY - GREEN - XL";"119,90";"52,00";"47,96";"10,00";;;
"1007253030-XXL";"4067434031389";"ATELIER KNIT JERSEY - GREEN - XXL";"119,90";"52,00";"47,96";"5,00";;;
"1007253040-XS";"4067434031396";"IRIS KNIT HOODIE - BLACK - XS";"149,90";"64,00";"59,96";"2,00";;;
"1007253040-S";"4067434031402";"IRIS KNIT HOODIE - BLACK - S";"149,90";"64,00";"59,96";"14,00";;;
"1007253040-M";"4067434031419";"IRIS KNIT HOODIE - BLACK - M";"149,90";"64,00";"59,96";"11,00";;;
"1007253040-L";"4067434031426";"IRIS KNIT HOODIE - BLACK - L";"149,90";"64,00";"59,96";"24,00";;;
"1007253040-XL";"4067434031433";"IRIS KNIT HOODIE - BLACK - XL";"149,90";"64,00";"59,96";"23,00";;;
"1007253040-XXL";"4067434031440";"IRIS KNIT HOODIE - BLACK - XXL";"149,90";"64,00";"59,96";"10,00";;;
"1007254010-XS";"4067434031457";"DÉLIRIA BUTTON SHIRT - GREEN - XS";"129,90";"56,00";"51,96";"2,00";;;
"1007254010-S";"4067434031464";"DÉLIRIA BUTTON SHIRT - GREEN - S";"129,90";"56,00";"51,96";"0,00";;;
"1007254010-M";"4067434031471";"DÉLIRIA BUTTON SHIRT - GREEN - M";"129,90";"56,00";"51,96";"1,00";;;
"1007254010-L";"4067434031488";"DÉLIRIA BUTTON SHIRT - GREEN - L";"129,90";"56,00";"51,96";"10,00";;;
"1007254010-XL";"4067434031495";"DÉLIRIA BUTTON SHIRT - GREEN - XL";"129,90";"56,00";"51,96";"10,00";;;
"1007254010-XXL";"4067434031501";"DÉLIRIA BUTTON SHIRT - GREEN - XXL";"129,90";"56,00";"51,96";"3,00";;;
"1007255010-XS";"4067434031518";"BERCY FLEECE JACKET - SAND - XS";"139,90";"60,00";"55,96";"6,00";;;
"1007255010-S";"4067434031525";"BERCY FLEECE JACKET - SAND - S";"139,90";"60,00";"55,96";"31,00";;;
"1007255010-M";"4067434031532";"BERCY FLEECE JACKET - SAND - M";"139,90";"60,00";"55,96";"62,00";;;
"1007255010-L";"4067434031549";"BERCY FLEECE JACKET - SAND - L";"139,90";"60,00";"55,96";"53,00";;;
"1007255010-XL";"4067434031556";"BERCY FLEECE JACKET - SAND - XL";"139,90";"60,00";"55,96";"30,00";;;
"1007255010-XXL";"4067434031563";"BERCY FLEECE JACKET - SAND - XXL";"139,90";"60,00";"55,96";"9,00";;;
"1007255040-XS";"4067434031631";"WRINKLED PUFFER JACKET - BLACK - XS";"229,90";"96,00";"91,96";"10,00";;;
"1007255040-S";"4067434031648";"WRINKLED PUFFER JACKET - BLACK - S";"229,90";"96,00";"91,96";"54,00";;;
"1007255040-M";"4067434031655";"WRINKLED PUFFER JACKET - BLACK - M";"229,90";"96,00";"91,96";"83,00";;;
"1007255040-L";"4067434031662";"WRINKLED PUFFER JACKET - BLACK - L";"229,90";"96,00";"91,96";"90,00";;;
"1007255040-XL";"4067434031679";"WRINKLED PUFFER JACKET - BLACK - XL";"229,90";"96,00";"91,96";"57,00";;;
"1007255040-XXL";"4067434031686";"WRINKLED PUFFER JACKET - BLACK - XXL";"229,90";"96,00";"91,96";"17,00";;;
"1007255050-XS";"4067434031693";"WRINKLED PUFFER JACKET -  DÉLIRIA GREEN - XS";"229,90";"96,00";"91,96";"2,00";;;
"1007255050-S";"4067434031709";"WRINKLED PUFFER JACKET -  DÉLIRIA GREEN - S";"229,90";"96,00";"91,96";"7,00";;;
"1007255050-M";"4067434031716";"WRINKLED PUFFER JACKET -  DÉLIRIA GREEN - M";"229,90";"96,00";"91,96";"21,00";;;
"1007255050-L";"4067434031723";"WRINKLED PUFFER JACKET -  DÉLIRIA GREEN - L";"229,90";"96,00";"91,96";"19,00";;;
"1007255050-XL";"4067434031730";"WRINKLED PUFFER JACKET -  DÉLIRIA GREEN - XL";"229,90";"96,00";"91,96";"15,00";;;
"1007255050-XXL";"4067434031747";"WRINKLED PUFFER JACKET -  DÉLIRIA GREEN - XXL";"229,90";"96,00";"91,96";"3,00";;;
"1007255060-XS";"4067434031754";"WRINKLED PUFFER JACKET - DÉLIRIA BLACK - XS";"229,90";"96,00";"91,96";"8,00";;;
"1007255060-S";"4067434031761";"WRINKLED PUFFER JACKET - DÉLIRIA BLACK - S";"229,90";"96,00";"91,96";"31,00";;;
"1007255060-M";"4067434031778";"WRINKLED PUFFER JACKET - DÉLIRIA BLACK - M";"229,90";"96,00";"91,96";"51,00";;;
"1007255060-L";"4067434031785";"WRINKLED PUFFER JACKET - DÉLIRIA BLACK - L";"229,90";"96,00";"91,96";"61,00";;;
"1007255060-XL";"4067434031792";"WRINKLED PUFFER JACKET - DÉLIRIA BLACK - XL";"229,90";"96,00";"91,96";"33,00";;;
"1007255060-XXL";"4067434031808";"WRINKLED PUFFER JACKET - DÉLIRIA BLACK - XXL";"229,90";"96,00";"91,96";"11,00";;;
"1007256020-28";"4067434033321";"TERRE DENIM - BLUE - 28";"119,90";"52,00";"47,96";"0,00";;;
"1007256020-29";"4067434033338";"TERRE DENIM - BLUE - 29";"119,90";"52,00";"47,96";"0,00";;;
"1007256020-30";"4067434031877";"TERRE DENIM - BLUE - 30";"119,90";"52,00";"47,96";"2,00";;;
"1007256020-31";"4067434031884";"TERRE DENIM - BLUE - 31";"119,90";"52,00";"47,96";"2,00";;;
"1007256020-32";"4067434031891";"TERRE DENIM - BLUE - 32";"119,90";"52,00";"47,96";"9,00";;;
"1007256020-33";"4067434031907";"TERRE DENIM - BLUE - 33";"119,90";"52,00";"47,96";"11,00";;;
"1007256020-34";"4067434031914";"TERRE DENIM - BLUE - 34";"119,90";"52,00";"47,96";"6,00";;;
"1007256020-36";"4067434031921";"TERRE DENIM - BLUE - 36";"119,90";"52,00";"47,96";"0,00";;;
"1007256020-38";"4067434033345";"TERRE DENIM - BLUE - 38";"119,90";"52,00";"47,96";"0,00";;;
"1007256030-30";"4067434031938";"DÉLIRIA DENIM - GREEN - 30";"129,90";"56,00";"51,96";"0,00";;;
"1007256030-31";"4067434031945";"DÉLIRIA DENIM - GREEN - 31";"129,90";"56,00";"51,96";"7,00";;;
"1007256030-32";"4067434031952";"DÉLIRIA DENIM - GREEN - 32";"129,90";"56,00";"51,96";"20,00";;;
"1007256030-33";"4067434031969";"DÉLIRIA DENIM - GREEN - 33";"129,90";"56,00";"51,96";"25,00";;;
"1007256030-34";"4067434031976";"DÉLIRIA DENIM - GREEN - 34";"129,90";"56,00";"51,96";"0,00";;;
"1007256030-36";"4067434031983";"DÉLIRIA DENIM - GREEN - 36";"129,90";"56,00";"51,96";"0,00";;;
"1007256050-28";"4067434033413";"WRINKLED CANVAS CARGO PANTS - BLACK - 28";"129,90";"56,00";"51,96";"3,00";;;
"1007256050-29";"4067434033420";"WRINKLED CANVAS CARGO PANTS - BLACK - 29";"129,90";"56,00";"51,96";"3,00";;;
"1007256050-30";"4067434032058";"WRINKLED CANVAS CARGO PANTS - BLACK - 30";"129,90";"56,00";"51,96";"2,00";;;
"1007256050-31";"4067434032065";"WRINKLED CANVAS CARGO PANTS - BLACK - 31";"129,90";"56,00";"51,96";"3,00";;;
"1007256050-32";"4067434032072";"WRINKLED CANVAS CARGO PANTS - BLACK - 32";"129,90";"56,00";"51,96";"5,00";;;
"1007256050-33";"4067434032089";"WRINKLED CANVAS CARGO PANTS - BLACK - 33";"129,90";"56,00";"51,96";"13,00";;;
"1007256050-34";"4067434032096";"WRINKLED CANVAS CARGO PANTS - BLACK - 34";"129,90";"56,00";"51,96";"5,00";;;
"1007256050-36";"4067434032102";"WRINKLED CANVAS CARGO PANTS - BLACK - 36";"129,90";"56,00";"51,96";"2,00";;;
"1007256050-38";"4067434033437";"WRINKLED CANVAS CARGO PANTS - BLACK - 38";"129,90";"56,00";"51,96";"0,00";;;
"1008251010-XS";"4067434032126";"DE L'ART T-SHIRT - BLUE - XS";"59,90";"28,00";"23,96";"3,00";;;
"1008251010-S";"4067434032133";"DE L'ART T-SHIRT - BLUE - S";"59,90";"28,00";"23,96";"16,00";;;
"1008251010-M";"4067434032140";"DE L'ART T-SHIRT - BLUE - M";"59,90";"28,00";"23,96";"21,00";;;
"1008251010-L";"4067434032157";"DE L'ART T-SHIRT - BLUE - L";"59,90";"28,00";"23,96";"33,00";;;
"1008251010-XL";"4067434032164";"DE L'ART T-SHIRT - BLUE - XL";"59,90";"28,00";"23,96";"12,00";;;
"1008251010-XXL";"4067434032171";"DE L'ART T-SHIRT - BLUE - XXL";"59,90";"28,00";"23,96";"9,00";;;
"1008252010-XS";"4067434032188";"WATERCOLOR LONGSLEEVE - CREAM - XS";"74,90";"34,00";"29,96";"4,00";;;
"1008252010-S";"4067434032195";"WATERCOLOR LONGSLEEVE - CREAM - S";"74,90";"34,00";"29,96";"3,00";;;
"1008252010-M";"4067434032201";"WATERCOLOR LONGSLEEVE - CREAM - M";"74,90";"34,00";"29,96";"1,00";;;
"1008252010-L";"4067434032218";"WATERCOLOR LONGSLEEVE - CREAM - L";"74,90";"34,00";"29,96";"13,00";;;
"1008252010-XL";"4067434032225";"WATERCOLOR LONGSLEEVE - CREAM - XL";"74,90";"34,00";"29,96";"3,00";;;
"1008252010-XXL";"4067434032232";"WATERCOLOR LONGSLEEVE - CREAM - XXL";"74,90";"34,00";"29,96";"3,00";;;
"1008252040-XS";"4067434032362";"DE L'ART HOODIE - BLUE - XS";"99,90";"44,00";"39,96";"4,00";;;
"1008252040-S";"4067434032379";"DE L'ART HOODIE - BLUE - S";"99,90";"44,00";"39,96";"8,00";;;
"1008252040-M";"4067434032386";"DE L'ART HOODIE - BLUE - M";"99,90";"44,00";"39,96";"9,00";;;
"1008252040-L";"4067434032393";"DE L'ART HOODIE - BLUE - L";"99,90";"44,00";"39,96";"10,00";;;
"1008252040-XL";"4067434032409";"DE L'ART HOODIE - BLUE - XL";"99,90";"44,00";"39,96";"11,00";;;
"1008252040-XXL";"4067434032416";"DE L'ART HOODIE - BLUE - XXL";"99,90";"44,00";"39,96";"5,00";;;
"1008252050-XS";"4067434032423";"WATERCOLOR HOODIE - CREAM - XS";"99,90";"44,00";"39,96";"1,00";;;
"1008252050-S";"4067434032430";"WATERCOLOR HOODIE - CREAM - S";"99,90";"44,00";"39,96";"2,00";;;
"1008252050-M";"4067434032447";"WATERCOLOR HOODIE - CREAM - M";"99,90";"44,00";"39,96";"16,00";;;
"1008252050-L";"4067434032454";"WATERCOLOR HOODIE - CREAM - L";"99,90";"44,00";"39,96";"13,00";;;
"1008252050-XL";"4067434032461";"WATERCOLOR HOODIE - CREAM - XL";"99,90";"44,00";"39,96";"5,00";;;
"1008252050-XXL";"4067434032478";"WATERCOLOR HOODIE - CREAM - XXL";"99,90";"44,00";"39,96";"6,00";;;
"1008252060-XS";"4067434032485";"ATELIER EMBLEM HOODIE - MELANGE GREY - XS";"99,90";"44,00";"39,96";"2,00";;;
"1008252060-S";"4067434032492";"ATELIER EMBLEM HOODIE - MELANGE GREY - S";"99,90";"44,00";"39,96";"7,00";;;
"1008252060-M";"4067434032508";"ATELIER EMBLEM HOODIE - MELANGE GREY - M";"99,90";"44,00";"39,96";"21,00";;;
"1008252060-L";"4067434032515";"ATELIER EMBLEM HOODIE - MELANGE GREY - L";"99,90";"44,00";"39,96";"22,00";;;
"1008252060-XL";"4067434032522";"ATELIER EMBLEM HOODIE - MELANGE GREY - XL";"99,90";"44,00";"39,96";"20,00";;;
"1008252060-XXL";"4067434032539";"ATELIER EMBLEM HOODIE - MELANGE GREY - XXL";"99,90";"44,00";"39,96";"2,00";;;
"1008252070-XS";"4067434032546";"DE L'ART ZIP-HOODIE - BLUE - XS";"109,90";"48,00";"43,96";"2,00";;;
"1008252070-S";"4067434032553";"DE L'ART ZIP-HOODIE - BLUE - S";"109,90";"48,00";"43,96";"2,00";;;
"1008252070-M";"4067434032560";"DE L'ART ZIP-HOODIE - BLUE - M";"109,90";"48,00";"43,96";"3,00";;;
"1008252070-L";"4067434032577";"DE L'ART ZIP-HOODIE - BLUE - L";"109,90";"48,00";"43,96";"9,00";;;
"1008252070-XL";"4067434032584";"DE L'ART ZIP-HOODIE - BLUE - XL";"109,90";"48,00";"43,96";"5,00";;;
"1008252070-XXL";"4067434032591";"DE L'ART ZIP-HOODIE - BLUE - XXL";"109,90";"48,00";"43,96";"3,00";;;
"1008252080-XS";"4067434032607";"WATERCOLOR ZIP-HOODIE - CREAM - XS";"109,90";"48,00";"43,96";"2,00";;;
"1008252080-S";"4067434032614";"WATERCOLOR ZIP-HOODIE - CREAM - S";"109,90";"48,00";"43,96";"7,00";;;
"1008252080-M";"4067434032621";"WATERCOLOR ZIP-HOODIE - CREAM - M";"109,90";"48,00";"43,96";"17,00";;;
"1008252080-L";"4067434032638";"WATERCOLOR ZIP-HOODIE - CREAM - L";"109,90";"48,00";"43,96";"14,00";;;
"1008252080-XL";"4067434032645";"WATERCOLOR ZIP-HOODIE - CREAM - XL";"109,90";"48,00";"43,96";"4,00";;;
"1008252080-XXL";"4067434032652";"WATERCOLOR ZIP-HOODIE - CREAM - XXL";"109,90";"48,00";"43,96";"1,00";;;
"1008252090-XS";"4067434032669";"ATELIER EMBLEM ZIP-HOODIE - MELANGE GREY - XS";"109,90";"48,00";"43,96";"7,00";;;
"1008252090-S";"4067434032676";"ATELIER EMBLEM ZIP-HOODIE - MELANGE GREY - S";"109,90";"48,00";"43,96";"1,00";;;
"1008252090-M";"4067434032683";"ATELIER EMBLEM ZIP-HOODIE - MELANGE GREY - M";"109,90";"48,00";"43,96";"0,00";;;
"1008252090-L";"4067434032690";"ATELIER EMBLEM ZIP-HOODIE - MELANGE GREY - L";"109,90";"48,00";"43,96";"0,00";;;
"1008252090-XL";"4067434032706";"ATELIER EMBLEM ZIP-HOODIE - MELANGE GREY - XL";"109,90";"48,00";"43,96";"7,00";;;
"1008252090-XXL";"4067434032713";"ATELIER EMBLEM ZIP-HOODIE - MELANGE GREY - XXL";"109,90";"48,00";"43,96";"4,00";;;
"1008255010-XS";"4067434009142";"RETERNITY FLEECE JACKET - CREAM - XS";"129,90";"56,00";"51,96";"1,00";;;
"1008255010-S";"4067434009159";"RETERNITY FLEECE JACKET - CREAM - S";"129,90";"56,00";"51,96";"6,00";;;
"1008255010-M";"4067434009166";"RETERNITY FLEECE JACKET - CREAM - M";"129,90";"56,00";"51,96";"28,00";;;
"1008255010-L";"4067434009173";"RETERNITY FLEECE JACKET - CREAM - L";"129,90";"56,00";"51,96";"18,00";;;
"1008255010-XL";"4067434009180";"RETERNITY FLEECE JACKET - CREAM - XL";"129,90";"56,00";"51,96";"14,00";;;
"1008255010-XXL";"4067434033161";"RETERNITY FLEECE JACKET - CREAM - XXL";"129,90";"56,00";"51,96";"5,00";;;
"1008255020-XS";"4067434032782";"RETERNITY FLEECE JACKET - BLACK - XS";"129,90";"56,00";"51,96";"1,00";;;
"1008255020-S";"4067434032799";"RETERNITY FLEECE JACKET - BLACK - S";"129,90";"56,00";"51,96";"19,00";;;
"1008255020-M";"4067434032805";"RETERNITY FLEECE JACKET - BLACK - M";"129,90";"56,00";"51,96";"40,00";;;
"1008255020-L";"4067434032812";"RETERNITY FLEECE JACKET - BLACK - L";"129,90";"56,00";"51,96";"35,00";;;
"1008255020-XL";"4067434032829";"RETERNITY FLEECE JACKET - BLACK - XL";"129,90";"56,00";"51,96";"27,00";;;
"1008255020-XXL";"4067434032836";"RETERNITY FLEECE JACKET - BLACK - XXL";"129,90";"56,00";"51,96";"8,00";;;
"1008255030-XS";"4067434011091";"RETERNITY PUFFER JACKET - BLACK - XS";"229,90";"96,00";"91,96";"7,00";;;
"1008255030-S";"4067434011107";"RETERNITY PUFFER JACKET - BLACK - S";"229,90";"96,00";"91,96";"17,00";;;
"1008255030-M";"4067434011114";"RETERNITY PUFFER JACKET - BLACK - M";"229,90";"96,00";"91,96";"26,00";;;
"1008255030-L";"4067434011121";"RETERNITY PUFFER JACKET - BLACK - L";"229,90";"96,00";"91,96";"46,00";;;
"1008255030-XL";"4067434011138";"RETERNITY PUFFER JACKET - BLACK - XL";"229,90";"96,00";"91,96";"21,00";;;
"1008255030-XXL";"4067434011145";"RETERNITY PUFFER JACKET - BLACK - XXL";"229,90";"96,00";"91,96";"3,00";;;
"1011251020-XS";"5514041851866";"MUSÉE DE LA VIE JERSEY - BROWN - XS";"89,90";"39,96";"35,96";"3,00";;;
"1011251020-S";"5514041851569";"MUSÉE DE LA VIE JERSEY - BROWN - S";"89,90";"39,96";"35,96";"15,00";;;
"1011251020-M";"5514041851552";"MUSÉE DE LA VIE JERSEY - BROWN - M";"89,90";"39,96";"35,96";"17,00";;;
"1011251020-L";"5514041851545";"MUSÉE DE LA VIE JERSEY - BROWN - L";"89,90";"39,96";"35,96";"8,00";;;
"1011251020-XL";"5514041851576";"MUSÉE DE LA VIE JERSEY - BROWN - XL";"89,90";"39,96";"35,96";"17,00";;;
"1011251020-XXL";"5514041851873";"MUSÉE DE LA VIE JERSEY - BROWN - XXL";"89,90";"39,96";"35,96";"0,00";;;
"1011253010-XS";"4067434026668";"THE ART OF LIVING POLO KNIT - BROWN - XS";"129,90";"55,96";"51,96";"0,00";;;
"1011253010-S";"5514041851675";"THE ART OF LIVING POLO KNIT - BROWN - S";"129,90";"55,96";"51,96";"0,00";;;
"1011253010-M";"5514041851682";"THE ART OF LIVING POLO KNIT - BROWN - M";"129,90";"55,96";"51,96";"6,00";;;
"1011253010-L";"5514041851699";"THE ART OF LIVING POLO KNIT - BROWN - L";"129,90";"55,96";"51,96";"10,00";;;
"1011253010-XL";"5514041851705";"THE ART OF LIVING POLO KNIT - BROWN - XL";"129,90";"55,96";"51,96";"2,00";;;
"1011253010-XXL";"4067434026712";"THE ART OF LIVING POLO KNIT - BROWN - XXL";"129,90";"55,96";"51,96";"3,00";;;
"1006254030-L";"4067434033819";"RETERNITY FLANNEL - BLACK - L";"129,90";"56,00";"51,96";"20,00";;;
"1006254030-M";"4067434033802";"RETERNITY FLANNEL - BLACK - M";"129,90";"56,00";"51,96";"15,00";;;
"1006254030-S";"4067434033796";"RETERNITY FLANNEL - BLACK - S";"129,90";"56,00";"51,96";"17,00";;;
"1006254030-XL";"4067434033826";"RETERNITY FLANNEL - BLACK - XL";"129,90";"56,00";"51,96";"14,00";;;
"1006254030-XS";"4067434033789";"RETERNITY FLANNEL - BLACK - XS";"129,90";"56,00";"51,96";"7,00";;;
"1006254030-XXL";"4067434033833";"RETERNITY FLANNEL - BLACK - XXL";"129,90";"56,00";"51,96";"5,00";;;
"1006254040-L";"4067434033871";"RETERNITY FLANNEL - PURPLE - L";"129,90";"56,00";"51,96";"16,00";;;
"1006254040-M";"4067434033864";"RETERNITY FLANNEL - PURPLE - M";"129,90";"56,00";"51,96";"14,00";;;
"1006254040-S";"4067434033857";"RETERNITY FLANNEL - PURPLE - S";"129,90";"56,00";"51,96";"8,00";;;
"1006254040-XL";"4067434033888";"RETERNITY FLANNEL - PURPLE - XL";"129,90";"56,00";"51,96";"7,00";;;
"1006254040-XS";"4067434033840";"RETERNITY FLANNEL - PURPLE - XS";"129,90";"56,00";"51,96";"5,00";;;
"1006254040-XXL";"4067434033895";"RETERNITY FLANNEL - PURPLE - XXL";"129,90";"56,00";"51,96";"2,00";;;
"1005251010-XS";"4067434033932";"L'ART DE LA RUE T-SHIRT - WHITE - XS";"64,90";"30,00";"25,96";"2,00";;;
"1005251010-S";"4067434033949";"L'ART DE LA RUE T-SHIRT - WHITE - S";"64,90";"30,00";"25,96";"0,00";;;
"1005251010-M";"4067434033956";"L'ART DE LA RUE T-SHIRT - WHITE - M";"64,90";"30,00";"25,96";"0,00";;;
"1005251010-L";"4067434033963";"L'ART DE LA RUE T-SHIRT - WHITE - L";"64,90";"30,00";"25,96";"16,00";;;
"1005251010-XL";"4067434033970";"L'ART DE LA RUE T-SHIRT - WHITE - XL";"64,90";"30,00";"25,96";"33,00";;;
"1005251010-XXL";"4067434033987";"L'ART DE LA RUE T-SHIRT - WHITE - XXL";"64,90";"30,00";"25,96";"18,00";;;
"1005251020-XS";"4067434033994";"L'ART DE LA RUE MESH T-SHIRT - BLACK - XS";"79,90";"36,00";"31,96";"0,00";;;
"1005251020-S";"4067434034007";"L'ART DE LA RUE MESH T-SHIRT - BLACK - S";"79,90";"36,00";"31,96";"0,00";;;
"1005251020-M";"4067434034014";"L'ART DE LA RUE MESH T-SHIRT - BLACK - M";"79,90";"36,00";"31,96";"0,00";;;
"1005251020-L";"4067434034021";"L'ART DE LA RUE MESH T-SHIRT - BLACK - L";"79,90";"36,00";"31,96";"0,00";;;
"1005251020-XL";"4067434034038";"L'ART DE LA RUE MESH T-SHIRT - BLACK - XL";"79,90";"36,00";"31,96";"20,00";;;
"1005251020-XXL";"4067434034045";"L'ART DE LA RUE MESH T-SHIRT - BLACK - XXL";"79,90";"36,00";"31,96";"9,00";;;
"1005253010-XS";"4067434034052";"L'ART DE LA RUE KNIT POLO - BLUE - XS";"84,90";"38,00";"33,96";"0,00";;;
"1005253010-S";"4067434034069";"L'ART DE LA RUE KNIT POLO - BLUE - S";"84,90";"38,00";"33,96";"0,00";;;
"1005253010-M";"4067434034076";"L'ART DE LA RUE KNIT POLO - BLUE - M";"84,90";"38,00";"33,96";"0,00";;;
"1005253010-L";"4067434034083";"L'ART DE LA RUE KNIT POLO - BLUE - L";"84,90";"38,00";"33,96";"36,00";;;
"1005253010-XL";"4067434034090";"L'ART DE LA RUE KNIT POLO - BLUE - XL";"84,90";"38,00";"33,96";"50,00";;;
"1005253010-XXL";"4067434034106";"L'ART DE LA RUE KNIT POLO - BLUE - XXL";"84,90";"38,00";"33,96";"25,00";;;
"1002263010-XS";"4067434034359";"FURRY KNIT SWEATER - FADED BLUE - XS";"129,90";"56,00";"51,96";"0,00";;;
"1002263010-S";"4067434034366";"FURRY KNIT SWEATER - FADED BLUE - S";"129,90";"56,00";"51,96";"15,00";;;
"1002263010-M";"4067434034373";"FURRY KNIT SWEATER - FADED BLUE - M";"129,90";"56,00";"51,96";"46,00";;;
"1002263010-L";"4067434034380";"FURRY KNIT SWEATER - FADED BLUE - L";"129,90";"56,00";"51,96";"45,00";;;
"1002263010-XL";"4067434034397";"FURRY KNIT SWEATER - FADED BLUE - XL";"129,90";"56,00";"51,96";"23,00";;;
"1002263010-XXL";"4067434034403";"FURRY KNIT SWEATER - FADED BLUE - XXL";"129,90";"56,00";"51,96";"8,00";;;
"1009251030-XS";"4067434039507";"PARIS SOUVENIR T-SHIRT - BLACK - XS";"64,90";"30,00";"25,96";"1,00";;;
"1009251030-S";"4067434039514";"PARIS SOUVENIR T-SHIRT - BLACK - S";"64,90";"30,00";"25,96";"1,00";;;
"1009251030-M";"4067434039521";"PARIS SOUVENIR T-SHIRT - BLACK - M";"64,90";"30,00";"25,96";"0,00";;;
"1009251030-L";"4067434039538";"PARIS SOUVENIR T-SHIRT - BLACK - L";"64,90";"30,00";"25,96";"5,00";;;
"1009251030-XL";"4067434039545";"PARIS SOUVENIR T-SHIRT - BLACK - XL";"64,90";"30,00";"25,96";"4,00";;;
"1009251030-XXL";"4067434039552";"PARIS SOUVENIR T-SHIRT - BLACK - XXL";"64,90";"30,00";"25,96";"3,00";;;
"1009253010-XS";"4067434039620";"FURRY KNIT SWEATER - FADED GREY - XS";"139,90";"60,00";"55,96";"0,00";;;
"1009253010-S";"4067434039637";"FURRY KNIT SWEATER - FADED GREY - S";"139,90";"60,00";"55,96";"18,00";;;
"1009253010-M";"4067434039644";"FURRY KNIT SWEATER - FADED GREY - M";"139,90";"60,00";"55,96";"38,00";;;
"1009253010-L";"4067434039651";"FURRY KNIT SWEATER - FADED GREY - L";"139,90";"60,00";"55,96";"30,00";;;
"1009253010-XL";"4067434039668";"FURRY KNIT SWEATER - FADED GREY - XL";"139,90";"60,00";"55,96";"20,00";;;
"1009253010-XXL";"4067434039675";"FURRY KNIT SWEATER - FADED GREY - XXL";"139,90";"60,00";"55,96";"9,00";;;
"1009255010-XS";"4067434039743";"STUDIO KNIT TRACK JACKET - CREAM - XS";"149,90";"64,00";"59,96";"1,00";;;
"1009255010-S";"4067434039750";"STUDIO KNIT TRACK JACKET - CREAM - S";"149,90";"64,00";"59,96";"5,00";;;
"1009255010-M";"4067434039767";"STUDIO KNIT TRACK JACKET - CREAM - M";"149,90";"64,00";"59,96";"22,00";;;
"1009255010-L";"4067434039774";"STUDIO KNIT TRACK JACKET - CREAM - L";"149,90";"64,00";"59,96";"26,00";;;
"1009255010-XL";"4067434039781";"STUDIO KNIT TRACK JACKET - CREAM - XL";"149,90";"64,00";"59,96";"16,00";;;
"1009255010-XXL";"4067434039798";"STUDIO KNIT TRACK JACKET - CREAM - XXL";"149,90";"64,00";"59,96";"7,00";;;
"1013231031-L";;"CREATIVE DEPT T-SHIRT - LIGHT BROWN - L";"59,90";"50,34";"50,34";"9,00";;;
"1013231031-M";;"CREATIVE DEPT T-SHIRT - LIGHT BROWN - M";"59,90";"50,34";"50,34";"12,00";;;
"1013231031-S";;"CREATIVE DEPT T-SHIRT - LIGHT BROWN - S";"59,90";"50,34";"50,34";"1,00";;;
"1013231031-XL";;"CREATIVE DEPT T-SHIRT - LIGHT BROWN - XL";"59,90";"50,34";"50,34";"1,00";;;
"1013231031-XS";;"CREATIVE DEPT T-SHIRT - LIGHT BROWN - XS";"59,90";"50,34";"50,34";"0,00";;;
"1013231031-XXL";;"CREATIVE DEPT T-SHIRT - LIGHT BROWN - XXL";"59,90";"50,34";"50,34";"0,00";;;
"1013232031-XS";;"CREATIVE DEPT HOODIE - LIGHT BROWN - XS";"99,90";"44,00";"39,96";"0,00";;;
"1013232031-S";;"CREATIVE DEPT HOODIE - LIGHT BROWN - S";"99,90";"44,00";"39,96";"6,00";;;
"1013232031-M";;"CREATIVE DEPT HOODIE - LIGHT BROWN - M";"99,90";"44,00";"39,96";"8,00";;;
"1013232031-L";;"CREATIVE DEPT HOODIE - LIGHT BROWN - L";"99,90";"44,00";"39,96";"4,00";;;
"1013232031-XL";;"CREATIVE DEPT HOODIE - LIGHT BROWN - XL";"99,90";"44,00";"39,96";"2,00";;;
"1013232031-XXL";;"CREATIVE DEPT HOODIE - LIGHT BROWN - XXL";"99,90";"44,00";"39,96";"0,00";;;
"1013232061-XS";;"CREATIVE DEPT ZIP-HOODIE - LIGHT BROWN - XS";"109,90";"48,00";"43,96";"3,00";;;
"1013232061-S";;"CREATIVE DEPT ZIP-HOODIE - LIGHT BROWN - S";"109,90";"48,00";"43,96";"17,00";;;
"1013232061-M";;"CREATIVE DEPT ZIP-HOODIE - LIGHT BROWN - M";"109,90";"48,00";"43,96";"30,00";;;
"1013232061-L";;"CREATIVE DEPT ZIP-HOODIE - LIGHT BROWN - L";"109,90";"48,00";"43,96";"15,00";;;
"1013232061-XL";;"CREATIVE DEPT ZIP-HOODIE - LIGHT BROWN - XL";"109,90";"48,00";"43,96";"7,00";;;
"1013232061-XXL";;"CREATIVE DEPT ZIP-HOODIE - LIGHT BROWN - XXL";"109,90";"48,00";"43,96";"4,00";;;
